Artist,Title
Ghostemane,Mercury: Retrograde
Don Kenobi,Pathology
gizmo,Symbiote
Kamiyada+,ProductOfDrugs (Prod. The Virus and Antidote)
$uicideboy$,Venom
Ghostemane,Gatteka
goth,kamikaze (+ pulse)
$uicideboy$,T.R.U. (Totally Rotten Underground)
gizmo,I Put My Dick in Your Mental
Ghostemane,Andromeda
gizmo,BRAINFOOD
gizmo,Troll Under the Bridge
Ghostemane,1000 Rounds
gizmo,Sacrifice
gizmo,Backpack
Ghostemane,D(R)Own
BONES,"Okay,ButThisIsTheLastTime"
BONES,TakingOutTheTrash
Salmo,Io sono qui
$uicideboy$,Paris
Dré Tamashī,Murder
III-SCAR,High 'N Mighty
Ghostemane,Euronymous
Ghostemane,Hades
Ghostemane,Nails
Ghostemane,Squeeze
gizmo,No Teeth
gizmo,Bang Ya Fucking Head
gizmo,BLUE JUICE
gizmo,Loch Ness
gizmo,Hold Uh
gizmo,Bone Saw
CPsilencer,Coffin Wave
BONES,OhNo!
BONES,TheArtOfCremation
BONES,OakGroveRoad
BONES,WhatWasThat
BONES,FunnyToSeeYouHere
Ghostemane,John Dee
Ghostemane,Kybalion
ghostofblu,Killer
ghostofblu,608
ghostofblu,Eternal Dreams
$uicideboy$,Nightmare Choir (I Been Asleep Too Long)
$uicideboy$,Exodus
Killstation,Vengeance
Killstation,Claustrophobia
Killstation,Rearranged
Killstation,Paralax
Killstation,Exsanguination
Killstation,Mutiny
Killstation,Centipede
IC3PEAK,Грустная сука
IC3PEAK,This World Is Sick
IC3PEAK,Пламя
Auxxk,2:45
Auxxk,who is he
Auxxk,Sleeping
Auxxk,Timeless
Auxxk,Pound for Pound
Auxxk,Finger Trembling
Auxxk,Overload
$uicideboy$,Kill Yourself (Part III)
$uicideboy$,2nd Hand
$uicideboy$,Antarctica
$uicideboy$,Memoirs Of A Gorilla
$uicideboy$,Runnin' Thru The 7th With My Woadies
$uicideboy$,Mount Sinai
$uicideboy$,FUCKTHEPOPULATION
$uicideboy$,Magazine
Fat Nick,2 Hot 4 U (feat. $Uicdeboy$)
$uicideboy$,O Pana!
$uicideboy$,LTE
$uicideboy$,Champion Of Death
Ghostemane,Seppuku (feat. Suicideboy$ & Jgrxxn)
$uicideboy$,You're Now Tuning Into 66.6 FM With DJ Rapture (The Hottest Hour Of The Evening)
$uicideboy$,Slip On A Banana Clip
$uicideboy$,A Death In The Ocean Would Be Beautiful
$uicideboy$,Shattered Amethyst
$uicideboy$,Goosebumps
Ghostemane,Venom
Getter,Bury Me
Getter,Hack Slash
Ghostemane,2000 Rounds
Fat Nick,Sea Sick
Getter,Grain
Getter,"Beware, the Sirens"
Ghostemane,Kali Yuga
Ghostemane,Hexada
Ghostemane,Caligula
Ghostemane,Niagara (feat. Lil Peep)
Ghostemane,Scrying Through Shattered Glass
Ghostemane,Polaris
Ghostemane,Rapture
Ghostemane,Blackmage
Ghostemane,Tartarus
Ghostemane,Until the Light Takes Us
Ghostemane,As Above so Look out Below
Ghostemane,Swan
Ghostemane,Sneak Diss (feat. So6ix)
Ghostemane,Plague Doctor Mask
Ghostemane,Some of Us May Never See the World
Killstation,Filth
Killstation,Homecoming
Thepoolboi,Blood
Thepoolboi,Sweat
Thepoolboi,Tears
Killstation,Anabolic
BONES,HDMI
BONES,Dirt
BONES,Oxygen
BONES,Branches
BONES,CtrlAltDelete
BONES,BlastZone (ЗонаПоражения)
BONES,CharacterSelect (ВыборПерсонажа)
BONES,RestInPeace (Prod. by The Virus And Antidote)
BONES,BlackMold
gizmo,Toxin
gizmo,Electric
gizmo,Cranium
gizmo,Friday
gizmo,Hooky
gizmo,Kalaxian Crystals
gizmo,Slurp
gizmo,BROKE ft. Prohibeo
gizmo,Lies
gizmo,Terry McGinnis
gizmo,Gremlin
gizmo,Giant Squit
gizmo,You Are Not Like Us
gizmo,Arachnids
gizmo,Give Ah Fuck
gizmo,Death Wish
gizmo,Allergies
gizmo,Cut Throat
$uicideboy$,Memoirs of a Gorilla
Lil Peep,Benz Truck (гелик)
Vince Staples,Norf Norf
Rich Brian,Dat $tick
A$AP Mob,"RAF (feat. A$AP Rocky, Playboi Carti, Quavo, Lil Uzi Vert & Frank Ocean)"
Chris Travis,Crazy
Night Lovell,Still Cold / Pathway Private
Chris Travis,The Chills
$uicideboy$,Slip on a Banana Clip
Wifisfuneral,Lights
Xavier Wulf,Akina Speed Star
Vince Staples,Big Fish
Ramirez,The Bodies Fall Just Like the Leaves
Denzel Curry,Story: No Title
Fat Nick,P.S Fuck You Cunt (feat. Lil Peep)
Fat Nick,Torch
Ramirez,"Buff Squad (feat. Pouya, Shakewell & Germ)"
Ramirez,Sarcophagus III (feat. $Uicideboy$)
Shakewell,Virginia Tech
$uicideboy$,Lte
$uicideboy$,Fuckthepopulation
$uicideboy$,Gloss of Blood
Antwon,100K
Night Lovell,Dark Light
Pouya,"But Wait, There's More (feat. $uicideBoy$)"
Pouya,Great Influence
Wifisfuneral,It Don't Matter
Lil Peep,absolute in doubt
Lil Pump,Boss
Brennan Savage,Look at Me Now
Brennan Savage,Bulletproof
Night Lovell,Contraband
Night Lovell,Deira City Centre
Yung Lean,Kyoto
Lil Tracy,Pull Out Game
Ski Mask The Slump God,Bird Is The Word
Ski Mask The Slump God,Life Is Short
$uicideboy$,Here We Go Again
Denzel Curry,Bloodshed
Craig Xen,Wassup Bro!
Kamiyada+,ACT 2 - BirthOfTheSpaceGod
Ramirez,Grey Tee
Shakewell,Sleeping Bag
Brennan Savage,Afterlife
$uicideboy$,King Cobra (Drippin')
Scarlxrd,Heart Attack
Scarlxrd,Chain$Aw
Scarlxrd,"King, Scar."
Scarlxrd,P.T.S.D
Fat Nick,Brand New
Torchfvce,Jukai
Xavier Wulf,Philosopher's Throne
6LACK,PRBLMS
Rich Brian,Back At It
Ramirez,Fuck a Hoe (feat. $Uicideboy$)
Killstation,Broken
Wifisfuneral,3 Xans
Wifisfuneral,LoyaltyRunsDeepInDaLongRun
Denzel Curry,Skywalker
Lil Peep,white wine
Black Smurf,Smoke Break
Night Lovell,Louis V
Smokepurpp,Fuck A Swisher
BONES,RampartRange
XXXTENTACION,Floor 555
Rich The Kid,Plug Walk
mysticphonk,Haunt U
6 Dogs,Buttcheeks
Pouya,Back off Me
Ghostemane,Intro.Desolation
Ghostemane,The Singularity
Ghostemane,D(R)Ead
Ghostemane,Trench Coat
ITSOKTOCRY,"I've Seen Satan, He Has Dreadlocks"
Aaron Avis,Your Desire
DEEP DOWN,Byberry
DEEP DOWN,Benadrylled
Bloodspits,Dream Journal
Bloodspits,Hannah Baker
.Wav Gallery,20k
Bae.con,Whatever
Bae.con,Nightstalker
Bae.con,Headfuck
Mary Mortem,sleep at night
Sorry X,Pulling Teeth
Ghostemane,AI
Ghostemane,Lazaretto
Travis Scott,coordinate
Future,Rocket Ship
SAINt JHN,Trap (feat. Lil Baby)
Lil Baby,Drip Too Hard (Lil Baby & Gunna)
88GLAM,Snow Globe (feat. NAV) - Remix
JONNY5,1000
Lost Child,Henny
Ty Dolla $ign,Droptop in the Rain (feat. Tory Lanez)
Lost Child,Flexin
Desiigner,HOOD
Lost Child,For My Bros
Baka Not Nice,Dope Game
Roddy Ricch,Every Season
Quavo,LOST (feat. Kid Cudi)
Denzel Curry,SPEEDBOAT
21 Savage,No Heart
Lil Uzi Vert,Secure The Bag
Travis Scott,STARGAZING
88GLAM,Blue Faces
Future,Codeine Crazy
Tyla Yaweh,Who Shot Johnny?
Octavian,Rari (feat. Future)
KILLY,Days
Future,Ridin Strikers
Future,Mask Off - Remix
Kendrick Lamar,Swimming Pools (Drank)
Gunna,Lies About You (feat. Lil Durk)
Kodak Black,Day for Day
OG Keemo,Neptun
Tory Lanez,MiAMi (feat. Gunna)
A Boogie Wit da Hoodie,Swervin (feat. 6ix9ine)
88GLAM,12
Future,Hardly
Kelvyn Colt,Savage
Denzel Curry,SIRENS | Z1RENZ [FEAT. J.I.D | J.1.D]
21 Savage,Glock In My Lap
Gunna,Richard Millie Plain
Gucci Mane,I Get the Bag (feat. Migos)
Future,Thought It Was a Drought
Denzel Curry,ULT
Chief Keef,Love Sosa
Future,F&N
Smokepurpp,Remember Me
YNW Melly,Murder on My Mind
Kodak Black,Tunnel Vision
Lil Baby,Ready (feat. Gunna)
Lil Baby,Life Goes On
Denzel Curry,CLOUT COBAIN | CLOUT CO13A1N
Meek Mill,Respect the Game
Travis Scott,beibs in the trap
Lil Baby,Underdog (Lil Baby & Gunna)
Future,Crushed Up
Tory Lanez,Dance For Me (feat. NAV)
21 Savage,Slidin
Gunna,DIRTY DIANA
Lil Tracy,Chicken Soup
Tommy Ice,Risky
21 Savage,break da law
Denzel Curry,Gook
Lil Baby,Pure Cocaine
Young Thug,Real in My Veins (feat. T-Shyne)
Lil Yachty,Nolia (feat. Kevin Gates)
IDK,ONCE UPON A TIME (FREESTYLE)
OG Keemo,PEN
D. Savage,What You Want
88GLAM,Analog Keys
88GLAM,Purple Baguettes
A Boogie Wit da Hoodie,Demons and Angels (feat. Juice WRLD)
Randolph,Slow Motion
Playboi Carti,Dem Callin' (feat. Ramriddlz)
21 Savage,RIP Luv
Denzel Curry,Story: No Title
Lil Baby,Hurtin
21 Savage,monster
Offset,Nightmare
JayDaYoungan,Elimination
Drake,Mob Ties
88GLAM,Gucci Snake
Lil Uzi Vert,That's a Rack
Denzel Curry,BUSHY B INTERLUDE
Lil Baby,Off White VLONE (Lil Baby & Gunna feat. Lil Durk & NAV)
Gunna,Derek Fisher (feat. Lil Baby)
NAV,Know Me
KILLY,Lift Off
Belly,Who Hurt You
21 Savage,Many Men
Desiigner,Molly
NGHTMRE,CASH COW
21 Savage,out for the night - part 2
Lil Tracy,Messy
Duwap Kaine,Mad
21 Savage,No Opp Left Behind
Trippie Redd,Red Beam
88GLAM,Zits
Future,Rockstar Chainz
Lil Tracy,Designer Talk
Lil Tracy,"%%%% (feat. Lucki, Deezy)"
Smokepurpp,Red Bottoms
NICK PROSPER,I Dont Care
Paris Shadows,Fall
Kamiyada+,TaleOfAGhost (Prod. The Virus and Antidote)
Fukkit,Franch
VTB,Glitch
VTB,Hounds
PRXJEK,Antisocial
NICK PROSPER,Death Metal
Fukkit,Las Ovejas Mueren
Bass Santana Archives,2 Weeks Later
"nothing,nowhere.",dread
Pyrxciter,Dirty Teenz
June,I'll Be Back
TrippyThaKid,LOCKED UP
Swerzie,Heavensent
Night Lovell,Beneath
The Virus and Antidote,"IWonderWhoTookMyPlaceThisTime (Feat. Corpse Husband, ZOTiYAC, TMTTMF, Izzo Kenpachi)"
Paris Shadows,OVER
Zotiyac,Laps
SpaceMan Zack,Closure
Xavier Wulf,Psycho Pass
Oliver Francis,Aahhyeahh
Yung Lean,Red Bottom Sky
Chris Travis,We up (feat. Bones)
Yung Lean,Yoshi City
Getter,On My Way Out
Terror Reid,Dead to Me
Oliver Francis,Polo Socks
Terror Reid,Uppercuts
Joji,Will He
Joji,YEAH RIGHT
DrownMili,If 6 Was 9
Wavy Jone$,Sometimes I Tell Myself I'm Fine
Bill $Aber,Mrs.
Kill Stacy,Slave
A$AP Rocky,"A$AP Forever REMIX (feat. Moby, T.I. & Kid Cudi)"
Lil Rae,Philophobia
hammy,Frown
hammy,stagelights
hammy,Trust Me
hammy,past life
hammy,Forever In My Mind
HKFiftyOne,Why'd You Have to Go
Chan's Night Out,Safety Nets
sad chill,satellites
Kris Wu,18
Jurp,2002 / Asia Interlude
Jurp,Thotiana
guccihighwaters,im so sick of this
Lil Peep,Save That Shit
Smrtdeath,Everything
LiL Lotus,Bodybag (Feat. cold hart)
hammy,Love is Just a Lie
AQVOL,Angels
Rare Akuma,LIBERATE MY SOUL AS I REGAIN MY SANITY.
Kid Trunks,Love Never Blossoms
hammy,Love Dies Fast
guardin,demons in my orbit
Kamiyada+,White Lies+++
hammy,wash away
hammy,Inner Peace
hammy,Bunch of Bones
hammy,Fading
hammy,life is just a cycle
SpaceMan Zack,Hopeless
Ȿoftheart,ghostboy.
King Theta,Scared for You
Aftertheparty,Bupropion
convolk,whatever it takes
Zotiyac,Foul
Kid Trunks,Did You Remember?
Night Lovell,The Renegade Never Dies
Zotiyac,Ain't Hard to Find Me
Ghostemane,Flesh
Lil Uzi Vert,The Way Life Goes (feat. Oh Wonder)
Phora,Feel
NICK PROSPER,Down
NICK PROSPER,F.T.W.
NICK PROSPER,Off the Wall
NICK PROSPER,Almost There
NICK PROSPER,COLD
NICK PROSPER,FLEX ON FLEX OFF
NICK PROSPER,BASTARD
NICK PROSPER,SAD PARTY
Lil Xtra,Make It Through Fall
DOGDEER,Wonky
Vaboh,If You Want to Take My Life
Vaboh,Listen If You Hate Someone
Vaboh,Room 604
Brennan Savage,Tell Me About It
Freddie Dredd,Oh Darling
Unaverage Gang,Violence
Brennan Savage,Catastrophe
Oliver Francis,Anti-Grav
Brennan Savage,Numb
nocloud,December
Cryderman,Mysteryman 2
Max Wells,Feelings
Shrimp,Smile
Shallow Vera,We Don't Speak Anymore
Fabian Secon,Defeated
SadBoyProlific,Bad Habits
SadBoyProlific,Scars
SadBoyProlific,Midnight Thoughts
SadBoyProlific,Blow My Phone Up
gizmo,No Teeth
gizmo,Soul Collector
gizmo,Holy Ghost
Auxxk,Neverless
OmenXIII,01000111 00110010 01000111 00101110
OmenXIII,It Kept People Away
PRXJEK,iPHoNe X (DiD THiS ShiT WHiLe I WaS SicK)
OmenXIII,Like a Lullaby
slen,Its Not Love
Yung Bambi,Lockdown
PRXJEK,WhyDoesNothingseemToLast?
PRXJEK,The Feeling Of Loneliness Never Goes Away (Prod. Wakizashi)
Auxxk,Grippin
OmenXIII,00101111 01001101 01001001 01000001
slen,Legends Never Die
OmenXIII,01000100 01010000 01010011 00101011
OmenXIII,I Think It's Time That I Emerge
OmenXIII,Infiltrate
OmenXIII,Ink Spills Words
Rare Akuma,SAVE HER!
Rare Akuma,Ten (天)
Rare Akuma,i'd rather make music than fuck bitches
Kupid,Selfish Love
Night Lovell,BAD KID
Smokepurpp,Glock In My Benz
A$AP Rocky,Fashion Killa
Powfu,Breakfast With the Moon
Powfu,Blue Waves
Powfu,Death Bed
Powfu,I Can't Sleep
Powfu,Scars on My Heart
Powfu,Sorry I Never Apologized
A$AP Rocky,Canal St. (feat. Bones)
Fukkit,American Dream
Fukkit,Flash Bang
slen,Do You Want to Taste the Blade
slen,Ignorance II
Cameron Azi,HATE ME
Zotiyac,Stayawayfromme
Zotiyac,Manny
Jutes,Forget It
Jutes,Walk on Me
Jutes,My Mistake
Jutes,Give You Up
shinigami,Lite Brite
Brennan Savage,Breathe
Whize,Closing My Eyes
Paris Shadows,OUTSIDE
SpaceMan Zack,Coke in the Bathroom
familypet,"bad mood, bad year"
Oliver Francis,Gemini
Smrtdeath,Madman
Shakewell,Voodoo Walk
Teddy,Foreign Banz
One After None,Slave To Perfection
Smrtdeath,Luvmeansdeath
SinceWhen,Us Ft. Lil Peep & Lil Tracy
Paris Shadows,Bones
Paris Shadows,CRUSHIN (feat. Travis Barker)
Lil Xtra,I Hope You Know I Mean It
Triple One,Overflow
Lil Xtra,Different
Lil Xtra,World Falls Apart
Lil Xtra,Make It Through Fall
dying in designer,Gerard Way
Lil Xtra,K.
guardin,Into the Trees
Brennan Savage,Waste of Time
916frosty,enough
lil aaron,NIGHTRIDER
Global Dan,Dark Out ft. AzN (prod. Drago)
Horse Head,Last Night in LA
Smrtdeath,In My Feelings
BEXEY,Stay Alive (feat. Fat Nick)
Tag Shai,Het
LIL DUSTY G,LEAVE
Tag Shai,Can We Wait Here
Triple One,Autumn Collection
Lil Peep,Life is Beautiful
"nothing,nowhere.",Houdini
Triple One,Valentine Kid
Lil Peep,Problems
✦ pink cig ✦,AngelDust
Brennan Savage,Reflection
Josh A,Used to
$uicideboy$,For the Last Time
Merkules,This Again
Hella Sketchy,Stupid
Germ,Han Solo
Swami Uchiha,"Everything Will Be Fine, I Promise"
Ghostemane,Ballgag
Lil Lucifer,See Me Trying
Lil Lucifer,Glisten
Oliver Francis,Headphones
Trevor Daniel,Face It
TSUKI,Who? (feat. Shiloh Dynasty)
Sauce Boss,Wingriddenangel
Sauce Boss,Skin
Sauce Boss,Gnarly Bastard
Sauce Boss,Sippinteainyohood
Sauce Boss,Teeth (Interlude)
PRXJEK,FUCKKKK! (FUCKISUP)
Lil Skies,Name in the Sand
Qawi Kamri,Labyrinth
DeadWorld,Your Bullet's Won't Do Shit
BONES,"MyHeart,ItHurts (feat. Chsr)"
SoLonely,Silencethefeelings
"nothing,nowhere.",Hopes Up (feat. Dashboard Confessional)
NICK PROSPER,Everything Sucks
Lil Peep,Kiss
Jadeci,Mobile Suit Fang
Jadeci,Amaterasu
Jadeci,Runaway
✦ pink cig ✦,Xanny Bars 222
Lil Narnia,Every Day
Lil Tracy,Heart
Kill Ebola,Siren Sounds
Nova,Whitley
Tyrant Xenos,Renegade IV
Tyrant Xenos,Renegade V
HAARPER,Growth Stunt
Deep October,If I Miss You
woodsordeath,Fuck the World
FREEWILL,Handlebars
Scale$,Lizard Teeth 2
bbno$,jurassic
94brizzy,Shiver
KAMAARA,Second Chances Aren't for Everyone Huh?
KAMAARA,EverythingJustHurts
Lil Lucifer,Seven Deadly Sins
Brando+,Super Fun Time
ONI INC.,Bad Blood 2
Yung Bambi,MADONNA (Feat. Kamiyada+)
DrownMili,You're A Lick
Ramirez,GreyGods (feat. $Uicideboy$)
$NOT,GOSHA
Jadeci,Spas12
Xenos,Window Pane (feat. Kel Killuminati & Izzo Kenpachi)
Silhouette,Scarlet King - prod. by The Virus And Antidote
woodsordeath,Insomniac
ESSEX,INSIDIOUS II
Fukkit,MEAN MUGG
The Virus and Antidote,IWillNeverChange
The Virus and Antidote,IKnowI'mNotAHero
The Virus and Antidote,NoSleepRemix
The Virus and Antidote,DriftWood
Jadeci,Mg42
Jadeci,Ump45
Jadeci,Tar21
City Morgue,Sk8 Head
$uicideboy$,My Flaws Burn Through My Skin Like Demonic Flames from Hell
$uicideboy$,My Scars Are Like Evidence Being Mailed To The Judge
$uicideboy$,I Will Celebrate For Stepping On Broken Glass And Slipping On Stomach Soaked Floors
VTB,Reach
OmenXIII,Killer
PRXJEK,Devil Speaks
OmenXIII,Obsidian
Warlord Colossus,Take Me Away
OmenXIII,Death from Above
Yung Dachi,Twiy
Ghostemane,Stick Out
Pouya,Florida Thang
Freddie Dredd,Need-a-Hit
Ramirez,Fbgm
Germ,Bag of Dope
Germ,BLOODY SHOES
Germ,WET EM UP
Germ,BUSSDOWN
Germ,SHAMELESS
BONES,Rocks
Germ,Bodybag
Pouya,Void
BEXEY,CUTTHROAT SMILE
Freddie Dredd,Evil Fantasy
Freddie Dredd,Killin' on Demand
SADGASM,Light Yagami
slen,Sleep Above the Moon
slen,Static
Triple One,Super Massive Attack
fish narc,More Than Ever
27CLUB,ANXIOUS
Blai$y,World Without You
James Colt,Amends
27CLUB,DRUNK IN LOVE
27CLUB,REHAB
Jez Dior,Old No. 7 - Feat. G-Eazy
Lil Lucifer,Smoke
Lil Lucifer,Icecold
Lil Lucifer,You Were Never a Threat
Lil Lucifer,Dying Doesn't Sound So Bad
Lil Lucifer,Welcome to Hell Pussy
City Morgue,33rd Blakk Glass
City Morgue,Aw Shit - Zillakami Solo
City Morgue,Nuka Cola
Ramirez,Ricky Bobby Six Speed
Ramirez,Bladed Choppa
✦ pink cig ✦,Loser 00
Lil Meso,Waste It
Denzel Curry,VENGEANCE | VENGEANCE [FEAT. JPEGMAFIA & ZILLAKAMI | JPEGMAF1A + Z1LLAKAM1]
City Morgue,SHINNERS13
City Morgue,Arson
ReallyWillie,Another Day
ONI INC.,Heat Death
Yung Bambi,Stressed
Jasiah,Case 19 (feat. 6ix9ine)
BONES,TheRoadLessTraveled
Broc $Teezy,Want Em Dead
Powers Pleasant,"Please Forgive (feat. Denzel Curry, IDK, Zombie Juice & ZillaKami)"
Shoreline Mafia,Musty
Zotiyac,Come Outside
Pyrxciter,Down n Out
Pyrxciter,REBELLION
Pyrxciter,"I Wander, But I'm Not Lost"
Na$tii,Dangerous
Bangxiii,Pearl Harbor
Dkoolpharaoh,Fuck Forgivness
Izzo Kenpachi,Far Cry
Lil Lucifer,???????
Lil Lucifer,Fell in Love
The Virus and Antidote,DiscoveryChannel
CHRIS VAYLE,HOLD UR TONGUE
aftrthght,company
Zotiyac,No Witnesses
Zotiyac,Red Dot
Zotiyac,Talk Shit
Zotiyac,Gas Only
Zotiyac,Licc Hoe$
Zotiyac,Hired Gun
OmenXIII,But This Is the End
Brennan Savage,Try My Best
Rella,Entourage
HKFiftyOne,Someday
hammy,2doses
nocloud,Demons
nocloud,Pick Me Up
nocloud,Detox
nocloud,Butane & Heroin
Heist187,Dirty Pistola 2
nocloud,When It Rains
nocloud,Moves
nocloud,Yellow Pills
Killstation,The Two of Us Are Dying
nocloud,I'm Trying
Tommy Ice,Nightmare
daine,Cemetery Dreams
Shyler,Watch It All Burn
Prettyheartbreak,2029
Prompto,Mosh Pit
Kamiyada+,Someone Protects Her (Prod. By Falls)
4evr,Trust
GRXGVR,Glitter
Aries,AMY'S GRAVE
Scotty Splash,Ran Thru The Trap
Sinxi,Save My Life
CoaastGxd,Between the Devil and the Darkness
Bruxism,No Control
Deep October,Make Me Forget
Oliver Francis,SEPHIROTH
guccihighwaters,jealous traits
Cloudhighcomeup,No One Knows You
SHAHMEN,Hollow
hooligan chase,Powerpuff
LEAVEMEALONE,Baby Faced Bandit
mysticphonk,Cut Myself
SadBoyProlific,Dead and Cold
Promoting Sounds,I Hate That...
Promoting Sounds,Devil Side
Aftertheparty,lose
Aftertheparty,Numb
MDTA,Killing Spree
Frander,Funeral Service
Drex Carter,Monday Mourning
BONES,PuttingMyBestFootForward
Yung Bans,Lonely
PRXJEK,Spirited_Away
KIDR,Fall
KIDR,If I Had It All
DeadBeatVillain,IMA Murk Your Sister
Yvncc,Landmines
Yvncc,Hero
Heist187,Jus' Breathe
Lil Lucifer,Xoxo
SinceWhen,More
DeadBeatVillain,Waka Flocka Ain't Got Shit on Me
Swerzie,Diamonds
Bobby Burns,Blood
Safe Sin,Baby Do You Hate Me
Paradoxx,Hell and Back
demxntia,Losing Sight
Safeguard,No Faith
KIDR,Suburban Trapstar
KIDR,Fuk Do U Want
KIDR,I Ain't in the Mood
KIDR,Doesithurttoloveme?
KIDR,Red Rose
SpaceMan Zack,Drippin
Vanete,Girls on Mars
Shinyy,Guerrilla-Warfare
Broly500!,So Far so Good
Whize,I Watched Her Leave
Kid E$S,Eyes So Low
iann dior,crash my whip
convolk,You.Won't.Do.Shit
Sowhatimdead,Black Fingernails
sadeyes,that's alright
Parv0,Worth It
Prettyheartbreak,Way That I Live
Prettyheartbreak,Miss Me
fats'e,room to breathe
KIDR,I'm on One
Bill $Aber,Stars in the Sky
Drew The Architect,Erosion
Brennan Savage,Tightrope
SpaceMan Zack,CoverGirl
RiverKinn,Asthma
LIL DUSTY G,BURN
Cold Hart,Morrissey
Kid $Ixty,Sadboy
Kodyak,Light Leaking Through
Shrimp,Laying in the Dirt
Lil Xtra,When I Die Will You Miss Me
Chris Travis,Tonight
Safe Sin,Safe Star
Damian Simmons,Wasted
Biv,Boozo
Okaminokami,Mortis Kombat
suni vega,NITROUS
DRACULA III,JÆGER
LiL MiK_e,Issues
Lil Capi,Myself
Smokeasac,Leave You Behind
Rella,When I Dream I See Her Ghost
Pageant Queen,Burnt Diary
Jasper Coffins,Chopstixxx
Jasper Coffins,Rise from the Ashes
Jay Sek,You Made Me sO Happy
Mixed Matches,Repeat
Lil Lucifer,Out of This World
Hampi!,Waterguns
PHVZES,Mia Khalifa
Deep October,What?
LEAVEMEALONE,HOP
The Virus and Antidote,LayYourAssDown
Whxami,Rabbit Hole
Eddie Fresco,Cigarettes
XINCLAIR,Missed Calls - Remix
maxtaylor,pink lemonade
Brennan Savage,I'm Not Coming Home
$uicideboy$,Water $uicide
Night Lovell,Joan of Arc
Burgos,Tears of Blood
Lil Xtra,Cry While We're Laughing
DRTYLAUNDRY,Hurtboy$
"nothing,nowhere.",hammer
guardin,take away the pain
Zotiyac,Murdock
OmenXIII,Drop Dead
OmenXIII,Surveillance
Kill Red,3am
WILLS EARTH,No Flippies
KAMAARA,Fuck ALL the Pain
Ashxs,So Low
Whxami,Loser
AtotheT,I
Lil Rae,Realize
Ivish,Dead Inside.
LiL Lotus,Sleep Paralysis
guccihighwaters,these days
Yung Pinch,Perfect
6obby,BEACHBOY!
snobama2064,Jarhead
Doyle Perez,A W O L
Oliver Zoéga,work ethic from pain
KEEPMYSECRETS,CRYING(INTHERAIN)
Kid $Ixty,Bittersweet
Jpaulished,See Things
Grizz,Hot Air Balloon
Kid $Ixty,M I A
Kid $Ixty,Waste My Time
Germ,NECKLACE
Germ,PATNAH DEM
Kid $Ixty,Gone
Kid $Ixty,Make You Cry
Kid $Ixty,What
Kid $Ixty,1 0 W O O D $
Lil Rae,TOKYO RAIN
YvngCrow,Burn Out
cøzybøy,she was my virginity cømplex
dying in designer,PTSD
Jack Venom,Slither
RONEN,Lost
Bearded Legend,Hey Legend!
HAARPER,Don't Blink
Jadeci,100 Styles
A$AP Mob,Put That On My Set (feat. A$AP Rocky & Skepta)
Lil Hell,Hate Me
maxtaylor,stfu
Lil Yung Pharaoh,For X and Peep
Shrimp,MIA
"nothing,nowhere.",vacanter
Reichard,Don't Vanish
NOK from the Future,Things Never Got Better (feat. Kevin Abstract)
PRBLMS,Sucks Without U
KYNG COLE,I'm Not Okay
Pouya,Cyanide
Tamagotchi007,50
Lil Skies,Through the Motions
SpaceMan Zack,No More (Unfair)
Steadysuffer,"Don't Enter, Pt. 3"
Ca$hrina,Run Away
Kid $Ixty,Miss Me
Yourmomlikesmymusic,Rip Peep
✦ pink cig ✦,Low Tide
Jurp,Sacrifice </3
Kid $Ixty,Rich & Sad
Zotiyac,Auto Pistol
Zotiyac,Fuoh
Zotiyac,Drills in the Hills
Zotiyac,Bout That Life
"nothing,nowhere.",ruiner
Playboi Carti,Fell In Luv (feat. Bryson Tiller)
"nothing,nowhere.",rejecter
$uicideboy$,DIEMONDS
$uicideboy$,Low Key
$uicideboy$,To Have And Have Not
$uicideboy$,Rotten And Paralyzed In A Tropical Paradise
"nothing,nowhere.",Tough Luck
Jurp,So Gone
hammy,Stuck
hammy,Messy
d1v,used to it
Lil Lucifer,Dead Angels
Yung Bambi,Focus
Cold Hart,8 Days
LXXIV,Unbothered Freestyle
LXXIV,Seventy Four
LXXIV,Room 921
sha hardy,행복
Mobbs Radical,2 Radical Diss
Mobbs Radical,Mobbkage
Lil Lucifer,Tears
Kid Trunks,Talk
Wicca Phase Springs Eternal,Just One Thing
Ramirez,Liquid Sunshine
BEXEY,HOT STEPPA
KIL,BITTER
Beamon,Killer Butterfly
HAARPER,Mask On
RiverKinn,Crowsfeet
Fukkit,1punch
Prod. Finesse,CHECK IN - Remastered
Jasiah,When I'm Gone
Jasiah,Baked Fried Beans
$uicideboy$,Dejection
$uicideboy$,Gloss Of Blood
$uicideboy$,Audubon
$uicideboy$,Meet Mr. NICEGUY
$uicideboy$,122 Days
$uicideboy$,Killing 2 Birds With 22 Stones ($UICIDEBOY$ X TRAVIS BARKER)
$uicideboy$,"10,000 Degrees"
$uicideboy$,King Tulip
$uicideboy$,Carrollton
The Virus and Antidote,MyTimeIsTooGreatToBeWasted
Smrtdeath,It's Been a Long Time Since You Said That You Missed Me
✦ pink cig ✦,Perc30
Alicks,CRT
Daddex,Lost My Mind
Witchouse 40k,RED Rust
Spooky Boi,Crash
Rawska,Emergency
LXXIV,Pull the Trigger
LXXIV,Fall Off
Daddex,Crash My Whip
Daddex,I Can’t Stand It
Daddex,Love Scars
Daddex,Frostbite
hammy,Zombie
Zzz,Sleepy
Lil Toe,Go Out
Witchouse 40k,Venvm
7xvn,https://murder. com
OmenXIII,Dark Light
Night Lovell,BUMBLE BEE
LXXIV,Burn
83HADES,SNOW
Wavy Jone$,Hourglass
Landspeed,melatonin
Black Smurf,Could've Been Worse
XTheDolphin,$UICIDEWAVE
ELIOZIE,Daze
Tony Velour,Moment
Will Prime,Dangerous
Kamiyada+,Traumatic
Chetta,Daiquiris & Dreams
HAARPER,Carmine
PRXJEK,Where The Fuck Is God 2
PRXJEK,Why Can't Nothing Seem To Ever Go Right?
Auxxk,Lathargic
Auxxk,Dry Run
Auxxk,Neves
Auxxk,Out
Heist187,Fuck Niggas
Heist187,Life Don't Last Freestyle
Cameron Azi,LEFT 4 DEAD
Swerzie,"Crow Life, Rotten World"
Zotiyac,Pool Ah Piss
Fukkit,FACE IN THE SOIL ft. KAMIYADA - PROD. H E A L
LXXIV,Do This Shiit Often
LXXIV,At Ya Nekk
LXXIV,Talking Shiit Anthem
LXXIV,"You'renottheshiit, Pt. 3"
Bill $Aber,Dyin Slowly
Yucky,Dblcup
HAARPER,Chosen Ones
Sect Unit,Game V2
Swerzie,Sit Down!
Cemetery Drive,Isabelle
lil last lil,30_30_no_halves
YouSane,Hopefully Someday
Bryce Hase,i know u been stressed <3
Night Lovell,THE SUN
gizmo,Nasacar
Night Lovell,PLEASE DON’T GO
Night Lovell,CAN'T LOSE YOU
unknxwn.,left behind.
gizmo,Bug Bitch
gizmo,Dirt & Rubble
DeadBeatVillain,WE'RE FUCKED
BissiBoi,NiceTry!
$NOT,BERETTA (feat. Wifisfuneral)
Yung Bans,How Da Game Go
Jadeci,Mp5k
Jadeci,Demon $layer
Fukkit,Toe Tags & Broken Skulls
XXXTENTACION,I Don't Wanna Do This Anymore
XXXTENTACION,Slipknot
XXXTENTACION,infinity (888) - feat. Joey Bada$$
Aries,RACECAR
lefthandluck,World Burn
Zotiyac,Show You Hell
Zotiyac,Good Luck
TrapTree,Kic Bac
Zotiyac,Mardi Gras
Zotiyac,Hitta Freestyle
Zotiyac,Nothin'
Chetta,Knock Knock
Chetta,Pluto
Comethazine,Walk
Comethazine,I BE DAMNED
Comethazine,FUCK ERRBODY
Comethazine,ONMYGRANNYKIDS
Yung Pinch,Hell On Earth
Yung Pinch,Wouldn't Be Nothing
Jasiah,Neon Rainbows
Jasiah,FDD
Pop Smoke,PTSD
Asco,Straight Drop X 4
Zotiyac,Ether
Kid $Ixty,Bad Habits
Shakewell,Head Straight
Lil Lucifer,Shxdes
BEXEY,GO GETTA
Brennan Savage,Tar Lungs
Lxxiv,POPSHiiT777
Lxxiv,.556
Lil Lucifer,Dn
DeadBeatVillain,I'm Sorry I'm Broken
DeadBeatVillain,Dead Inside
OmenXIII,They Said the Sky Was the Limit
Jasiah,Heartbreak (feat. Travis Barker)
Lxxiv,Class Four Freestyle
LXXIV,Heartless
Young Abdulleh,No Cap
Dkoolpharaoh,Who You Talking To
Dkoolpharaoh,Nihilus
DRACULA III,'You said you love me...'
Daddex,24
Night Lovell,LET ME DIE
Polo G,Last Strike
Polo G,Through Da Storm
Polo G,A King's Nightmare
Polo G,Lost Files
Polo G,Pop Out (feat. Lil Tjay)
Polo G,Chosen 1
Zotiyac,triple double
83HADES,HAZARD
Drippin So Pretty,I Could Die Today
Bryce Oliver,Finesse Gawd
Yung Bambi,95.50
Juvy,we all die alone
SpaceMan Zack,Hollywood Devil
Teddy,Taste Me
Polo G,Battle Cry
Shrimp,this body means nothing to me
LXXIV,Click Clack (Bonus Track)
LXXIV,Ain't Been Happy (Demo)
Lxxiv,Quit Talking
Lxxiv,GodCan'tSaveUs
gizmo,Birds Eye
The Virus and Antidote,AbsoluteHorror
Swerzie,Postobon
Kid Trunks,Bay Bounce
gizmo,Dead Body Vandal
gizmo,Severance
gizmo,Pear of Anguish
Night Lovell,I LIKE BLOOD
Night Lovell,SINISTER
Night Lovell,MURDER RATE
Night Lovell,MENTAL SLAVERY
Wifisfuneral,run?
Wifisfuneral,Wya?
$NOT,MEGAN
soap.,Trite
DrownMili,Kid Soulja
Joji,XNXX
Lil Lucifer,Fuck Off
Lil Lucifer,Blade
gizmo,Donttouchmydrugs
gizmo,Fee Fi Fo Fum
Shrimp,Talk2Me
Fukkit,Trees
Fukkit,Miami
Fukkit,Toe Tags & Broken Skulls
Fukkit,False Start
Fukkit,Basher
Shrimp,doll
Shrimp,who cares
Shrimp,Wipe My Face With Blood
Shrimp,sewed shut
Smrtdeath,Stranger
$NOT,KILL ME BITCH
hammy,Watching Stars Die
Oliver Francis,Chernobyl
DeadBeatVillain,I Broke the Keyboard Again
Kay P,Incognito
gizmo,Bone Marrow
Okaminokami,Dullflesh?
Brando+,MidnightFistFight V2
Brando+,25i
Auxxk,Night Terror
soap.,Code
soap.,Burner
soap.,Wither
Rawska,Light Hearted
LXXIV,Heat Seekers
Brennan Savage,Till the End
Jaden,SOHO
LXXIV,Black Attire
Joei Razook,I'm Fine
Steven Moses,Alone
Kamiyada+,ProductOfDrugs (Prod. The Virus and Antidote)
YUNG DORI,AGORA
HKFiftyOne,Proud
R-Dee,Stay Silent
Yung Flex,Can You Tell I'm Angry Lmao
Yung Flex,Lisp!
Yung Flex,No Melody
XATASHI,HEADSHOT
Zotiyac,Air Headz
MaxThaDemon,4 Quarters
MaxThaDemon,Speak on It
fkbambam,MIDORI!
Okaminokami,Alexis Turns 21
Brando+,Colors
Fukkit,Stamina
Phora,Her
SpaceMan Zack,SorryIKnowIRuinEverything
Ollie,Broken Down
Aftertheparty,Bargain
Aries,PONY
Aries,HOME
Rocstaryoshi,Palm Tree Vibes
Aftertheparty,Reflection
skaiwater,Blakehomie
skaiwater,Other Girls
skaiwater,Can U Be?
skaiwater,Gorillas
Teddy,Dead Presidents
Tyrant Xenos,Rain Walk / Detox Freestyle
LIL DUSTY G,INSECTS
Oliver Francis,BERSERK
Drippin So Pretty,Another Cup
Wicca Phase Springs Eternal,Spider Web
YTD,40oz
Lord Gasp,DNA
Roderick Porter,Wrong1
Ossy Reed,Save Me
HAARPER,Dumb Dance
Burgos,All in My Head
Ramirez,Mosh Pit Killa
Anonymuz,Zion
Egypxn,Tundra
Teddy,Spine
POORSTACY,make up
Pretty Pacc,Drifting
POORSTACY,OKAY
ilyTOMMY,Forever
ION LIL GUT,HighSchool
POORSTACY,I Want Smoke
DGold,Lil Parachute
Bad Emotions,I'm Sick
Cooliecut,Over the Rainbow
Cooliecut,The Cure
KAMAARA,WeProbablyShouldn'ttalkanymore
Biv,We Will Never Be
Steven Moses,Love Me
KillBunk,Battle Scars
Downtime,looklook!
Kamiyada+,RETRIBUTION
83HADES,CLUTCHIN
altqqu,O' MY LORD
KXZARI,CLUTCH
KXZARI,GOOD ISNT GOOD ENOUGH
svrite,Star
6obby,feed me to the wolves
TWENTYTHREE,THANK YOU & GOOD NIGHT
TWENTYTHREE,DON'T SAVE ME
TEKKEN+,PARASYTE
TEKKEN+,HEART
Sabino,Regular
Downtime,the end (w/ swerzie)
Lil Capi,Changed
Yung Virgil,$tars
LXXIV,BAD
Jasiah,Case 19 (feat. $NOT)
XATASHI,SCRAPE II
Burgos,Moving Mountains
XXXTENTACION,YuNg BrAtZ
Lil Xan,Betrayed
LOVE SEPT.,FRIGHT NIGHT
Night Lovell,Lethal Presence
Pouya,50 Reasons Why
TOKYO’S REVENGE,Clark Kent
KAMAARA,Modelo
X$COBAR,No Hook
MDTA,She Died Now I Love Her
Sadfriendd,UPPERCUTFREESTYLE
Dkoolpharaoh,You've come to the right place for a burial!
COLE BENZO,2FIDDY!
COLE BENZO,MURDER IT!
COLE BENZO,AIN'T YO THERAPIST
COLE BENZO,YOU SHOULD GO
Richie Bux,Luv Dem Gun Sounds
EGOVERT,Apollo!
Lil Prada,MARKSMAN
City Morgue,THE BALLOONS
BONES,Bummer
Sadfriendd,MEETTHEMUDGANG!!
LXXIV,Gun Smoke
Brennan Savage,Looking for Love
SypSki,What You Need
surrenderdorothy,DontBeAfraidIBroughtMyKnife (feat. Bones)
OG Benz,Broken heart gang
Ocean Evol,Sky Dream
Ashxs,For the Show
Lavaboy,RELOCATE
Lavaboy,STUNNA
LXXIV,Overtime
Zotiyac,Loyalty
Lil Peep,16 Lines
Teddy,Pray for YOU
COLE BENZO,KILL'EM
COLE BENZO,devoid
COLE BENZO,THROW DAT SET FT. B GIBS
COLE BENZO,need rack⸉
COLE BENZO,big oof
COLE BENZO,YOU HUMANS MAKE ME SICK
Juice WRLD,Fast
Fat Nick,Opp Block Spinners
Auxxk,Fear
Auxxk,Black Saturday
MDTA,Because They Take over Me at Night.
jherz,push everyone away
suburban,Ain't it Nice?
Yng Hstlr,Hope You Die
Lil West,Pay Me
Jadeci,Amaterasu 2
The Virus and Antidote,BigChungus
Kill Red,No One
Yung Bambi,Again
Yung Bambi,PLANS
Lil Xtra,Under The Weather
Ghostemane,Death by Dishonor
Shakewell,Leglock
SADGASM,Hiei
KAMAARA,TrenchGirlLullaby
KAMAARA,F T F T
Yung Flex,Jock!
XXXTENTACION,RIP Roach
Cooliecut,Chokehold
Juvy,I dont care anymore
CoaastGxd,Flip the Switch
The Virus and Antidote,WontStopCantStop
Dozy Doe,FUCK IT
unknxwn.,burden.
Santos Santana,Walter White
hammy,Piece by Piece
nocloud,VVS
HAARPER,Berlin
KIDR,Buss It
Pouya,BULLETPROOF SHOWER CAP
City Morgue,16 TOES
City Morgue,MINIMIZYA (feat. IDK)
City Morgue,DRAINO (feat. Denzel Curry)
KIDx,RA
KIDx,Super Saiyan
$uicideboy$,Vices
$uicideboy$,Sunshine
$uicideboy$,...And So It Was
$uicideboy$,Kill Yourself
$uicideboy$,Sleep Walk
BIGBABYGUCCI,Lose My Mind
YvngCrow,Wasting Time
Burnout MacGyver,Demons Taking Over Me
GlimmerXP,Ruins
Ngahere Wafer,Every Time I Fall
COLE BENZO,THASSA TOUGH ACT
nAvvvi,"Look At Me, I'm Dead"
KIDx,Beastmode
Gullyspit,God Complex
KIDx,Run in My Jeans
Unaverage Gang,Death Grip
Craig Xen,Fall In Love
$uicideboy$,I Ended Up Driving The Camaro Off The Causeway Bridge
$uicideboy$,Gutting Catfish
KAMAARA,Next Time You See Me I'll Be Dead on Your Doorstep
Kid Trunks,I'm Here To Help You Are Not Alone
Gullyspit,Kriminel
Alexis Munroe,Pixie Hollow and Purgatory
TOKYO’S REVENGE,Drug Lullaby
DRACULA III,'Enough.'
DeadBeatVillain,Stress Is a Killa
Santos Santana,BLOOD THICKER THAN MY CODEIN
Germ,BURNT OUT
83HADES,WXRLDTOUR
83HADES,2020 PHARMACY FREESTYLE
Powfu,Laying on my porch while we watch the world end.
OmenXIII,I Feel Dead
Heroine Diaries,Bad Love Breaks Hearts
deadbeatteen,I knew this was coming
$uicideboy$,Can Of Worms
fats'e,bad luck
Huey,Mattresses
Cold Hart,Dumb Boy
Lil Lucifer,Candles
Yung Rare,Blood in Blood Out
LOVE SEPT.,FOCUS
Kid Trunks,Invisible Klip
Pluto Kar,Over
Tom The Mail Man,Broke
49bags,Nascar
Kill Stacy,Hot Boy
Fukkit,Nerves
PRXJEK,LostInMyhead
$uicideboy$,The Nail To The Cross
Sadfriendd,Junglejuice
LXXIV,Rage Against the Dying of the Night
Philip Solo,Poison
Witchouse 40k,Idontflinch
Craig Xen,"Six Men, One Casket"
Sueco,Fishscale
OCD,Hearse Trip
gizmo,BROKE
Cris Dinero,TEST ME
Night Lovell,I Heard You Were Looking For Me
$uicideboy$,Prettyleaf
Sewerperson,B Alright
Sewerperson,K
DeadBeatVillain,The Army Is Scared of Me
LXXIV,Glock999
LXXIV,StepOverTheLine
LXXIV,Zoom (Nascar!)
d1v,hold me back
$uicideboy$,MEGA ZEPH
$uicideboy$,Putrid Pride
$uicideboy$,"...And To Those I Love, Thanks For Sticking Around"
Lil Peep,Star Shopping
Lil Peep,witchblades
Zotiyac,Fun & Games (Freestyle)
Craig Xen,TOO MANY
Cooliecut,Nothing
Craig Xen,Killa (feat. Yung Bans)
Craig Xen,Masochist
Craig Xen,Voltage
Craig Xen,PROUD PUPPY LOVER!
Craig Xen,Midday (feat. Wifisfuneral)
Craig Xen,"CRY BABY, CELL 17"
Pouya,Mood Swing Misery
Pop Smoke,Brother Man
XXXTENTACION,SAD!
XXXTENTACION,Hope
Powfu,don't fall asleep yet
Misplaced,Storyboard for a Pessimist
Mavo,Hard to Remember
Konaha Kai,PISTOL PACKIN
$uicideboy$,Obey The Walrus
Areizaga,Now and Then
6 Dogs,Guccy Armor
Ghostemane,Nihil
LXXIV,Dark Thoughts
Unaverage Gang,Welcome to Hell
Daddex,Cosey's World
Daddex,In My Bag
Daddex,Stuck In My Ways
Daddex,Swervin thru the Mud
ONI INC.,BAD BLOOD
Bruxism,Winter of '12
Fukkit,Fly (On the Wall)
Blood Orange,High Street
Night Lovell,MARY JANE
Denzel Curry,This Life
Trippie Redd,Love Scars
DeadBeatVillain,Just Another Product
Prompto,Killing Joke
Todd Andrew,Fuck a Milli
Without a Reason,I Rather Suffer
PRXJEK,Devil/skin
Juice WRLD,All Girls Are The Same
Lil Tracy,Bad For You
Lil Gnar,Death Note
Swerzie,Give Up
Swerzie,Rotten
Baker Ya Maker,Born2Lose
Dkoolpharaoh,Smack a Goober Vol.2
Robb Bank$,225
Blvc Svnd,Go to the Sto
Lil Darkie,METHHEAD FREESTYLE
VTB,Cure
XXXTENTACION,Everybody Dies In Their Nightmares
XXXTENTACION,Depression & Obsession
Lxst,Exhausted
Depth Strida,Tip Toe Freestyle
Deadmemxry,Push Me
ZAR,7.62x39mm
Kamiyada+,Adult Swim (Feat. Original God & Yung Bitch)
Lord Distortion,Shooting Dice
Depth Strida,Welcome to My Heart
Depth Strida,Bryan Fury
Depth Strida,The Mishima Bloodline
Depth Strida,Einsamer Wolf
Lil Lucifer,Death Wish
Lil Lucifer,Demons in My Dreams
BONES,SadlyThatsJustTheWayThingsAre
LXXIV,No Mercy
Triple One,Tarlo
Jasiah,Break Shit
XANAKIN SKYWOK,Macho!
XANAKIN SKYWOK,Akira
XANAKIN SKYWOK,Don't Test Me
NYCL KAI,Incredible (feat. ZillaKami and $NOT)
NYCL KAI,Laced (feat. Fenix Flexin)
Night Lovell,Still Cold
Pouya,Florida’s Finest
Yung Flex,Hate Me
Prompto,Scargazer
XXXTENTACION,whoa (mind in awe)
PARKE,Hot
Kid $Ixty,Mistakes
Auxxk,D.F.W.N.B
Saitxero,"go to sleep, it's 4am"
Brandon Bury,LUV DNT DIE
Jadeci,Godspeed
Yung Pinch,Nightmares (feat. Lil Skies)
Cameron Azi,BORN OUT THE PIT
$NOT,Billy Boy
COLE BENZO,1 fEeL LiKE sOCrAtEs
COLE BENZO,commit murder
ONI INC.,Reaper Life
The Virus and Antidote,BitchYouGotMeFuckedUp
Kid $Ixty,Flavors
Eddy Baker,Built to Destroy
KESHORE,111
KruddTheGuru,INeed$
Verzache,Talk
KIDR,Fuk U
Shrimp,Hypothermia
lil hawk boy,anakin ur breaking my heart ).:
Papithbk,Sad Nibba Hours
iann dior,emotions
Tommy Ice,Hold Me Down
Jadeci,Susano III
d1v,nothing lasts forever
d1v,pieces
Lil Peep,Better Off (Dying)
Lil Peep,U Said
Lil Peep,Awful Things
$uicideboy$,"If You Were to Get What You Deserve, You Would Know What the Bottom of a Tire Tastes Like"
$uicideboy$,Soul Doubt
$uicideboy$,"All That Glitters Is Not Gold, but It's Still Damn Beautiful"
$uicideboy$,I Will One Day Learn To Fly Into The Stars
$uicideboy$,My Closet Is A Graveyard
$uicideboy$,CLYDE (I Hope At Least One Of My Ex-Girlfriends Hears This)
$uicideboy$,I No Longer Fear The Razor Guarding My Heel (IV)
$uicideboy$,WAR TIME ALL THE TIME
Ripkenpachi,BetterOffDead
$NOT,Moon & Stars (feat. Maggie Lindemann)
Yung Lean,Pikachu
svrite,Finesse
Night Lovell,Trees of the Valley
Night Lovell,I'm Okay
STRVCT,Dead
STRVCT,Sorrow
Emrys,cursed
ripmattblack,Sore Loser
Jaxxon D. Silva,Tutorial on How to Smile
Smeyeul.,666
Teddy,Impossible
lilbootycall,Bandaid
Mvko,Zero
✦ pink cig ✦,Pain or Pleasure
Vaboh,Lonely Lullaby
Powfu,Feel It All
Rayless,Faraway
Seejayxo,King of the Sheets
Sewerperson,Humble
6obby,nobody
iann dior,romance361
Playboi Carti,"Fetti (feat. Da$H, Maxo Kream)"
Witchouse 40k,Zika!
TWENTYTHREE,RECREATE
Gwapmizzle,500 on Me
Hippie Sabotage,Running Miles
Zotiyac,Toni Hawk Freestyle
MDMA,8:45
Scrim,Jesus Wept
Scrim,Delusions Of Grandeur
Scrim,Naloxone
Scrim,Feel It Too (It's Too Much)
Scrim,Tell Me When I'm Good Enough
Scrim,He Got Game
Scrim,Portola (Blood Clot!)
Scrim,Scars
Scrim,El Paseo
Scrim,Nightmare From The Northside
Scrim,Violent Secrets
Scrim,Side Effects
Scrim,Carcosa
Scrim,Fight Club (Psychosis)
Scrim,Percosets & Papers
Scrim,PTSD
Scrim,El Guerro
Scrim,The Devil I Know
Scrim,Lost Child
Kamiyada+,GIDDY UP!
$uicideboy$,Now I'm Up To My Neck With Offers
$uicideboy$,It's Hard To Win When You Always Lose
$uicideboy$,BREAKDALAW2K16
$uicideboy$,Chariot Of Fire
$uicideboy$,Reign In Blood
$uicideboy$,Jeffer Drive
$uicideboy$,Eclipse
$uicideboy$,$outh $ide $uicide
LXXIV,Body Drop
LXXIV,I Am Your God
gizmo,You Talk Too Much
Ghostemane,To Whom It May Concern
Ramirez,Red Dot
nocloud,GOD DAMN
nocloud,HALF PINT
City Morgue,THE FALL BEFORE THE GIVE UP (feat. Clever)
$NOT,Human (feat. Night Lovell)
KIDx,Bar Spit No Jutsu
KIDx,Cool Guy Syndrome
Kamiyada+,MIDNIGHT BE DA SET
Rella,Moving on
Roderick Porter,I Like the Pain
WoodsUrban,Darkness Meets World
Night Lovell,Questioning Your Theory
StonecoldStoke,Sega Hell
83HADES,MASS EXTINCTION
Silent Boy,Know Me
Brennan Savage,16!
XXXTENTACION,Riot
XXXTENTACION,Revenge
XXXTENTACION,A GHETTO CHRISTMAS CAROL
XXXTENTACION,Look At Me!
KIDR,What
veins!,change/pictures
dying in designer,Lately
Craig Xen,Chopstix
The Virus and Antidote,Torn
Paris Shadows,Enough's Enough
Cooliecut,All in My Head (Relationships)
Cooliecut,The Note #2 (Maintain)
Bass Santana,God Damn
Kid Trunks,777
GARZI,Finer Things
Bass Santana,Curse
gizmo,Scaphism
Night Lovell,Forget About Me
Taj Tha God,Ignxrvnt Sheep
OmenXIII,All Day
SoLonely,If I Die
SoLonely,I Try
Lil Toe,Pipe Down
Zotiyac,Glockiana
Zotiyac,Sorry
Zotiyac,Norma Bates
Craig Xen,STAIN (feat. Smokepurpp & Ski Mask The Slump God)
Moytanic,Crackhead
Eddie Fresco,RED DOT
TWENTYTHREE,TAKE AIM
TWENTYTHREE,BETTER OFF
TWENTYTHREE,A CHANGE OF WEATHER
convolk,Swan Dive
The Kid LAROI,GO (feat. Juice WRLD)
Death Plus,Piss
Koi,once a week
Lil Yung Pharaoh,Bury Me
Deep October,SKIN
YvngCrow,Space Coupe
YvngCrow,3am
RONEN,Something in My Brain
YvngCrow,Here
French The Kid,Bella latina
KIDR,I Don't Know
XXXTENTACION,4Peat
Kid Trunks,Habibi
Jasiah,Rebel
Travis Barker,Dogshit
Guapdad 4000,Lil Scammer That Could (feat. Denzel Curry)
Night Lovell,Off Air
Swerzie,Iwanturbestie
Swerzie,Enemies
Sueco,Smackdown (feat. TOKYO'S REVENGE)
XANAKIN SKYWOK,Star Shoota
Unaverage Gang,Rotting Fever
Unaverage Gang,Blood Ocean
JEFFREY OLIVER,No Time
Bobby Dee,TNT
KVMIL,Davy Jones
Kylof Söze,BRACES
RONNY J,Banded Up (feat. XXXTENTACION)
$NOT,WHAT'S THE PROBLEM
Rare Akuma,RAGING FISTS
Lil Toe,Fuck What You Heard (Fwyh)
Ski Mask The Slump God,Take A Step Back
Ramirez,The Mystical Warlock
goth,HARDTOKILL
goth,kamikaze
Lil Peep,Benz Truck (гелик)
Ramirez,Sarcophagus II
nascar aloe,AMERICAN WASTELAND
BurnKas,Red Rum
HAARPER,Bungee Gum
CoaastGxd,Chamber of Fire
Ȿoftheart,Help Me
lil Nerva,Good Drugs
Noah Gault,333 Angels
City Morgue,ACAB (feat. Nascar Aloe)
KAMAARA,Bully
Shakewell,Pemex
Killstation,Sarcoma
Pouya,Shawty Independent (feat. Shakewell & Germ)
SinceWhen,Not The One
gizmo,Black Blood
Yunggoth✰,Goth Bitch
Azide,I Lost Carol
Telic,Invade
Telic,Hide My Face
Polo G,Finer Things
Foreign Forest,"Halloween, but All Year"
lil aaron,Dark Matter
Supachefm,Options
Heist187,44
Heist187,Profit
Heist187,Believe in Me
Multiplexes,Drop Dead Kill
Reptilian God Mana,Fountain of Youth
Reptilian God Mana,System Shock
Reptilian God Mana,Look at Em
Reptilian God Mana,Iswear
Chetta,Titanic
Chetta,Where Yat
27CLUB,TEARDROPS
DrownMili,Paranoia
Auxxk,4 am
gizmo,Serve It Out
City Morgue,THE ELECTRIC EXPERIENCE
City Morgue,HURTWORLD '99
City Morgue,YELLOW PISS
Live Solum,Gxth B!tch
Chetta,Dead or Alive
Germ,Cookies
Sect Unit,Cage
KEEPMYSECRETS,Lines
kiLLa Laharl,Misplaced
POORSTACY,lost
Lil West,Give It All Up
RONEN,I Won't
Brandon Bury,Fit4Luv
Wifisfuneral,Ever Seen A Demon
Lil Peep,absolute in doubt
Germ,AWKWARD CAR DRIVE
Night Lovell,Jamie's Sin
Boobie Lootaveli,Pe$Os
Fukkit,Yeah
Yung Beethoven,Perfect
Yung Beethoven,Lovely Entertainment
Auxxk,Longtime
Drownindark,Bullet Rain
cøzybøy,what did yøu think i meant when i said i løve yøu
April 94,Exhale
cøzybøy,yøu used tø be my little angel
Germ,Rukus
Daddex,Walking on Water
Kiid Spyro,GET OUT!
Kiid Spyro,Upset
cøzybøy,i used tø knøw høw tø løve </3
"nothing,nowhere.",Letdown
Cameron Azi,AREYOUREADYKIDS?
fats'e,I'm Good at Being Lonely Can't You Tell
Lil Xtra,Sometimes
Lil Yung Pharaoh,Icalled5times
Anton Golden,The Pain That Never Ends
Anton Golden,P.S. You're Dead to Me
Anton Golden,Locks Around My Heart
unknxwn.,i'm too busy in despair.
unknxwn.,"me, i'm pain"
surrenderdorothy,WhatCouldPossiblyGoWrong
MAKAVELIGODD,Harakiri
Brennan Savage,Badlands
LXXIV,3rd Degree
LXXIV,Accomplice
LXXIV,Life & Death
LXXIV,Missed Call
Vexis,I Don't Need Your Help
Deep October,METHADONE
Deep October,TREE FELL
Deep October,Itriedloving
Goner,Savages
27CLUB,HELP
Jaxx,Trouble
Kiid Spyro,RICCH
Yng Hstlr,Love Is War
Brennan Story,No Cigar
Lil Revive,Hurts 2 Exist
6 Dogs,It's Worth Feeling Empty <3
fkbambam,BEEP ME!
XZARKHAN,Rubble Kingz
XZARKHAN,Readythemissiles
Devilish Trio,Decisions of Torment
99zed,Skull Crack
Yng Hstlr,Up
Yng Hstlr,Spiteful
Sect Unit,Talk
Kxllswxtch,RADITZ
Wxrmz,WANT ME GONE
Nedarb,Head Over Heels
TrippyThaKid,Designed to Die
VNXM,Reaction Time!
Night Lovell,PINK WITCH / LESSON
Downfvll,Cerbero
VyOk,Pain
Nicoteen Ninyo,i need help
LBFRmikey,Don't Rain On Me
TWENTYTHREE,POST MORTEM
Ramirez,Children Of The Void
Devilish Trio,Nose to the Grindstone
Jay Sek,would you take it
Lil Lucifer,Feel No Pain
Prompto,Dropkick
HAARPER,Crunch!
kiLLa Laharl,Acid Trip
kiLLa Laharl,$wamp
kiLLa Laharl,Osaka
kiLLa Laharl,MySpaceBarIsBroken
HAARPER,Mothman
Pollari,Fantasy
Mvko,777
Mvko,Gospel
Mvko,FlashySuicide
Biv,Role Play
Night Lovell,Alone
Yung Pinch,Beach Ballin' (feat. blackbear)
Nicoteen Ninyo,why am i ok
Nicoteen Ninyo,blind
Taz,Never Forever
Lil Xtra,Stay Down
Scotty Splash,Anti-Social
$uicideboy$,Chevrolet - Pimpalicious Candy Cane Mane '74 REMIX
$NOT,Revenge
TWENTYTHREE,FROM WHERE IT'S COLD
guccihighwaters,amnesia
Devilish Trio,Labyrinth
Yung Zime,Smile
Robstar,One More Kiss
Jadeci,DeathSealReaper
Lil Peep,drive by
Auxxk,Smoke Chamber
fats'e,pulled up so late that i missed the whole party
cpt. sad,burden boy
cpt. sad,i'd die for you
Grim Salvo,Lurch.Lung
Joey Trap,PRESSURE
Wavehi,Miss
JGRXXN,Crystal Lake
Pyrxciter,MANHUNT
Evilmane,Little Miller
Witchouse 40k,Bayonetta
YvngCrow,All on My Own
$ky Yung,Insomnia
Xavier Wulf,Thunder Man
Xavier Wulf,Polish and Shine
Xavier Wulf,Tortuga
Xavier Wulf,Vain Villiage
Xavier Wulf,Kid Cudi (Remix)
Jae Glxy,Forget Me
Jae Glxy,Fire Force
DED STARK,DED END
Lil Gnar,Bad Memories
YNG ONE,Casket Dreaming
6obby,ghost
✦ pink cig ✦,Box of Wood
✦ pink cig ✦,Devil Let Go
Swerzie,Talk to God
Jadeci,Static+
1nonly,Stay With Me
1nonly,Bunny Girl
City Morgue,THE GIVE UP
Leatherphace,No Stress
Fukkit,Kiwi
LocateEmilio,It Is What It Is
$NOT,"""Life"""
Fukkit,Come Again
Fukkit,Scribbles
Fukkit,Call Me
JabariOnTheBeat,Comet 2
BONES,BarbwireRibCage
clipping.,Looking Like Meat
BONES,Ashes
Jean Dawson,06 Burst
Lil Peep,walk away as the door slams
BONES,WhoGoesThere
lil aaron,VANS UNTIED
Lil Peep,nose ring
Ghostemane,Fed Up
21 Savage,Runnin
Ghostemane,AI
Denzel Curry,Live From The Abyss
$NOT,Revenge
21 Savage,Rich Nigga Shit (feat. Young Thug)
BONES,RedAlert
clipping.,'96 Neve Campbell
Lil Peep,gucci mane
HEALTH,JUDGEMENT NIGHT
Germ,AR Pistols
BONES,DarkShadowBlunts
Ghostemane,Hellrap
Germ,Green Light
Lil Peep,the last thing i wanna do
Wicca Phase Springs Eternal,Pain Killer
BONES,TombstoneKiller
BONES,SkeletonRaps
21 Savage,My Dawg
Webby,"Cut, Pt. 2"
Wicca Phase Springs Eternal,I Want To Go Out Tonight
Ghostemane,Sacrilege
IDK,MAZEL TOV
Lil Peep,red drop shawty
clipping.,Say the Name
BONES,Equipped
21 Savage,Brand New Draco
Lil Peep,OMFG
Juice WRLD,Come & Go (with Marshmello)
RMR,RASCAL
Lil Peep,lil jeep
Germ,Walked In
$NOT,Demanding
lil aaron,BADSIDE
Lil Peep,we think too much
BONES,.223
Lil Peep,cobain
RMR,NOUVEAU RICHE
Jakkyboí,Don't Know Why I Even Fucking Liked You
Germ,We Outside
Triple One,Salina
$NOT,Who Do I Trust
Trippie Redd,Sleepy Hollow
Flatbush Zombies,herb
IDK,RILEY
IDK,Cereal (feat. Kenny Mason)
BONES,Cement
21 Savage,No Opp Left Behind
Cali Cartier,King Tap
Juice WRLD,Righteous
Ghostemane,Vagabond
Germ,7 Hunna Horses
Lil Peep,crybaby
Bladee,Hero of My Story 3style3
BONES,Baja
Lil Peep,driveway
Lil Peep,girls
BONES,2Stroke
Bladee,Mean Girls
Germ,Dolo
Ski Mask The Slump God,Burn The Hoods
Smrtdeath,Waterfall
Smrtdeath,ima shine like the best coke that u ever had
Lil Peep,"move on, be strong"
KILLY,OH NO
convolk,swear to god
Lil Peep,white tee
Germ,Hellcat
convolk,Ominous
Bladee,Don't Worry
Cold Hart,Me and You
convolk,beaten down geranium molle
clipping.,Check the Lock
Lil Tracy,Chrome Heart Lens
21 Savage,Said N Done
Smrtdeath,She Told Me to Kill Myself
Lil Peep,worlds away
Webby,2 Face
Flatbush Zombies,when i'm gone (feat. Sophie Faith)
Juice WRLD,Can't Die
Germ,Cookies
clipping.,Something Underneath
RMR,I'M NOT OVER YOU
Juice WRLD,Wishing Well
Future,Patek
BONES,Bentley
Lil Peep,big city blues
convolk,crumbling / suicide note
Lil Uzi Vert,Venetia
Smrtdeath,Just Be Around
BONES,WaitingForTheHammerToFall
Lil Peep,interlude
Lil Peep,the song they played (when i crashed into the wall)
KirbLaGoop,Run It Up
Danger Incorporated,WWYD + No Sweat
lil aaron,808 ROCK
Lil Peep,hellboy
BONES,TakeCover
$uicideboy$,Scope Set
BONES,SpiderSilkRobes
Lil Peep,fucked up
$uicideboy$,Scope Set
Trippie Redd,I Got You (ft. Busta Rhymes)
BONES,Vertigo
BONES,BlindHarper
Pouya,"Bitch, Park Backwards"
Ecco2k,Pollen
Lil Peep,ghost boy
$NOT,FALL IN LOVE
Denzel Curry,Lay_Up.m4a
Denzel Curry,So.Incredible.pkg
Lil Peep,M.O.S. [battery full]
ITSOKTOCRY,DEADSET RADIO FUTURE
convolk,soldier freestyle
Smrtdeath,clipped my own wings
Thaiboy Digital,IDGAF
Wicca Phase Springs Eternal,Hardcore
$NOT,GOSHA
BONES,Timberlake
Danger Incorporated,You / Me
Webby,2 Hearts
BONES,AirplaneMode
$uicideboy$,Bizarro
RMR,BEST FRIEND
Lil Peep,yesterday
Lil Peep,Liar
Danger Incorporated,Best Mistake
RMR,WELFARE (feat. Westside Gunn)
BONES,ChampagneInTheGraveyard
Lil Uzi Vert,I'm Sorry
RMR,DEALER
$NOT,ROADRUNNER +
Lil Peep,"skyscrapers (love now, cry later)"
Smrtdeath,i just die
BONES,Molotov
Juice WRLD,Tell Me U Luv Me (with Trippie Redd)
Denzel Curry,ꞌCosmicꞌ.m4a
Trippie Redd,Who Needs Love
$uicideboy$,Fuck Your Culture
Bladee,Reality Surf
BONES,BlancoBenz
Smrtdeath,love my name
Lil Tracy,WYA?
Lil Peep,When I Lie
BONES,FrostBite
Wicca Phase Springs Eternal,Obsessed
BONES,It'sAWonderfulLife
$uicideboy$,I Wanna Be Romanticized
Wicca Phase Springs Eternal,Pull It Forward
Juice WRLD,Fighting Demons
Germ,Runnin Thru Plastic
$NOT,STRANDED *
BONES,SkeletalLove
Juice WRLD,Wasted (feat. Lil Uzi Vert)
Juice WRLD,Screw Juice
$uicideboy$,[whispers indistinctly]
Lil Uzi Vert,Sanguine Paradise
$uicideboy$,That Just Isn't Empirically Possible
Bladee,Be Nice 2 Me
BONES,BadReception
$uicideboy$,Aliens Are Ghosts ($UICIDEBOY$ X TRAVIS BARKER)
King Yosef,Pity Case
BONES,SexualHarassmentInTheWorkPlace
Webby,Magick
$uicideboy$,MEGA ZEPH
BONES,WhateverFloatsYourBoat
Juice WRLD,Bad Energy
Bladee,Victim
Lil Peep,nineteen
Lil Pump,Esskeetit
$NOT,YOU KNOW (INTRO)
Thaiboy Digital,30th Floor
Ghostemane,Omnis
Juice WRLD,Robbery
BONES,Lacquer
Lil Peep,come around
Smrtdeath,Broken Record for My Broken Heart
Yung Gravy,The Boys Are Back In Town
Global Dan,For A Reason
Juice WRLD,Life's A Mess (feat. Halsey)
Lil Peep,Cry Alone
lil aaron,VANS UNTIED
$uicideboy$,Putrid Pride
Ecco2k,Western Union
Lil Peep,ghost girl
BONES,SocialCues
$NOT,PRESSURE
Lil Uzi Vert,That Way - Bonus Track
Lil Peep,Moving On
BONES,MonsterMash
Lil Peep,Belgium
lil aaron,4 LIFE
$uicideboy$,All Dogs Go To Heaven
convolk,lonewolf
BONES,StateOfEmergency
Juice WRLD,Empty
$uicideboy$,That Just Isn't Empirically Possible
Trippie Redd,Death
Wicca Phase Springs Eternal,Dead Star
Lil Peep,4 Gold Chains - (feat. Clams Casino)
Flatbush Zombies,dirty elevator music
Lil Peep,drugz
Post Malone,Psycho (feat. Ty Dolla $ign)
Denzel Curry,Track07
Lil Peep,shiver
BONES,FatherTime
$uicideboy$,Nicotine Patches
Post Malone,rockstar (feat. 21 Savage)
Pouya,FIVE SIX
$uicideboy$,Either Hated Or Ignored
Denzel Curry,Take_it_Back_v2
$NOT,BERETTA (feat. Wifisfuneral)
BONES,DontLookDown
Denzel Curry,SUMO | ZUMO
BONES,Mortuary
Ecco2k,Sugar & Diesel
Wicca Phase Springs Eternal,High Strangeness
Getter,Hack Slash
Lil Tracy,Filet Mignon
$uicideboy$,What The Fuck Is Happening
Smrtdeath,Back With Me
Juice WRLD,Armed And Dangerous
Smrtdeath,Everything
Rich The Kid,Plug Walk
BONES,ArentYouASightForSoreEyes
Lil Peep,Gym Class
$NOT,MISTAKE (CHOPPA BOY)
Denzel Curry,Pyro (leak 2019)
$uicideboy$,"...And To Those I Love, Thanks For Sticking Around"
Smrtdeath,Ice Out My Bones
Lil Tracy,Demons
Smrtdeath,It's Been A Long Time Since You Said That You Missed Me
BONES,BewareOfDog
$uicideboy$,One Last Look At The Damage
Bladee,Obedient
Lil Uzi Vert,Futsal Shuffle 2020
Wicca Phase Springs Eternal,Return Year
Bladee,Girls just want to have fun
Juice WRLD,Lucid Dreams
Ghostemane,I duckinf hatw you
Lil Pump,Boss
Juice WRLD,Flaws And Sins
Lil Tracy,Halo
$uicideboy$,nothingleftnothingleft ($UICIDEBOY$ X TRAVIS BARKER)
Smrtdeath,Luvmeansdeath
Deko,Phantasy Star Online
Killstation,Extinction
Roddy Ricch,The Box
Lil Tracy,Shame
Antwon,94s (feat. Wicca Phase Springs Eternal)
Pouya,Sit Ups
Denzel Curry,DIET_
Bladee,Side by Side
Lil Tracy,Pictures
Antwon,Visine (feat. Lil Peep)
Pouya,Vice City
Cold Hart,Leo Szn
Post Malone,Better Now
$uicideboy$,FUCKALLOFYOU2K18
Lil Pump,Crazy
BONES,Hi-Fi (prod. by OmenXIII)
Pouya,Aftershock
Craig Xen,Succubus
Ecco2k,1:1
Juice WRLD,Bandit (with YoungBoy Never Broke Again)
Terror Reid,The Otha Side
BONES,LooseScrew
Rich Brian,Crisis (feat. 21 Savage)
Thaiboy Digital,Legendary Member
Lil Tracy,Beautiful Nightmare
Juice WRLD,Lean Wit Me
Pouya,Six Speed
BONES,Tissue (Тишью)
Smrtdeath,Drug Scars
Antwon,Perrier (feat. Andre Martel)
Wicca Phase Springs Eternal,Mystery
$uicideboy$,Face It
Smrtdeath,Gave U My Heart Said Don't Fuck Around With It
21 Savage,Disrespectful
Juice WRLD,Scared Of Love (with instrumental by Ghost Loft)
Lil Pump,Back (feat. Lil Yachty)
BONES,Inferno
Antwon,Till They Call the Police
Pouya,Florida Thang
Horse Head,Time Bomb
Denzel Curry,PERCS | PERCZ
$uicideboy$,I Hung Myself for a Persona
Rich Brian,Glow Like Dat
lil aaron,QUIT
Kodak Black,Roll in Peace (feat. XXXTENTACION)
Lil Uzi Vert,XO Tour Llif3
$uicideboy$,Leave Me Alone
Ugly God,Water
Yung Lean,First Class
Pouya,Umm
Smrtdeath,Better Off
convolk,i fucked up
Juice WRLD,Black & White
Juice WRLD,Sticks & Stones
Lil Peep,Broken Smile (My All)
Jaxxon D. Silva,Poor Thing
BONES,Deadline (prod. by Vegard)
Antwon,What I Do
BOYFRIENDZ,FAR AWAY
BONES,OhNo!
Young Thug,Homie (feat. Meek Mill)
Wicca Phase Springs Eternal,Caffeine
Night Lovell,JOAN OF ARC
CHXPO,BVNDGXD
BONES,GetAGrip (prod. by Stereoryze)
Smrtdeath,I Don't Feel Anything
BONES,EmptyTrash (prod. by Musa)
Yung Lean,Skimask
$uicideboy$,Lamar Avenue
$uicideboy$,Second Lines Come With Broken Souls
Smrtdeath,Madman
Wicca Phase Springs Eternal,Waiting Here
$uicideboy$,I Am The Apocalypse
BONES,YouAreNowBeingWatched (prod. by Encryptedtears)
Ski Mask The Slump God,JustLikeMyPiss
BONES,DownTheDrain (Впустую)
Lil Peep,Honestly
Pouya,"Suicidal Thoughts in the Back of the Cadillac, Pt. 2"
Xavier Wulf,Crash Landing
Keith Ape,Achoo
$uicideboy$,Introversion 2.0
Yung Lean,Agony
Smrtdeath,Let It Bleed
BONES,IAmCertainlyNotWorthYourTime (ЯОпределенноНеЗаслуживаюТвоегоВремени)
21 Savage,Mad Stalkers
BONES,Resurrection
Cold Hart,Thru the Screen
BONES,SystemPreferences
Trippie Redd,Dark Knight Dummo (Feat. Travis Scott)
Ramirez,40z and Shorties
Brennan Savage,Lonely World
Pouya,Handshakes
Antwon,In My Sidebag
Lil Peep,beamer boy
21 Savage,Bank Account
Rich Brian,Gospel
Ski Mask The Slump God,Rambo
21 Savage,Rap Saved Me (feat. Quavo)
Lil Peep,The Brightside
Pouya,Daddy Issues
$uicideboy$,Rukus
Ski Mask The Slump God,Catch Me Outside
Shakewell,Way Back
BONES,SometimesTheUglyTruthCanBeBeautiful (prod. by Dnl)
Wifisfuneral,Wrist Motion (feat. Fat Nick)
$uicideboy$,I'm Done.
Ski Mask The Slump God,H2O
Ramirez,Blunt to My Lip (feat. Fat Nick)
Rich Brian,Chaos
Pouya,Don't Bang My Line (feat. Night Lovell)
Lil Peep,Avoid
Killstation,Absolution
$uicideboy$,20th CENTURION
$uicideboy$,O' Lord! I Have My Doubts
BONES,Suppressor (prod. by Vegard)
Ramirez,ElDORADO (feat. Pouya & Shakewell)
Ramirez,Don't Test Me
Iceberg Black,TITANIC
Ski Mask The Slump God,Like A Soccer Mom
Iceberg Black,MSN Feat. Bones (Prod. Chad Tha Don)
BONES,SunnyDay
21 Savage,Ghostface Killers (feat. Travis Scott)
Triple One,Overflow
Fat Nick,Drop Out of School
Yung Lean,Hennessy & Sailor Moon
$uicideboy$,Temple Spray
Ghostemane,Rake
Ghostemane,Axis
BONES,TimTheToolmanTaylor
Cold Hart,Spyro
Fat Nick,Undecided
Lil Pump,Gucci Gang
Fat Nick,Boom
Denzel Curry,Equalizer
Ski Mask The Slump God,BabyWipe
Lil Pump,D Rose
Yung Lean,Crystal City
Ramirez,Na Na Na Na Na (Caught Slippin)
Night Lovell,RIP Trust
$uicideboy$,Say Cheese And Die
lil aaron,DRUGS
Ramirez,6 6 6 F O R E V E R (feat. $Uicideboy$)
Ski Mask The Slump God,Take A Step Back
$uicideboy$,"Smoked out, Scoped Out"
Post Malone,White Iverson
$uicideboy$,For The Last Time
$uicideboy$,Hard To Tell
$uicideboy$,Styrofoam
Post Malone,Congratulations
$uicideboy$,Failure by Design
BONES,SeanPaulWasNeverThereToGimmeTheLight
Lil Pump,Molly
Denzel Curry,Hate Government
Wicca Phase Springs Eternal,Stop Torturing Me
Triple One,Autumn Collection
$uicideboy$,Pump Fake
Denzel Curry,Heartless
Terror Reid,Who Dat?
BONES,BlackMold
$uicideboy$,Goosebumps
$uicideboy$,Magazine
Shakewell,Qualitech
Ghostemane,Wretched (feat. Rozz Dyliams)
$uicideboy$,Treat 'Em Like A Prostitute
Ski Mask The Slump God,The Human Centipede
$uicideboy$,King Cobra (Drippin')
Ramirez,The Mystical Warlock
Clams Casino,All Nite (feat. Vince Staples)
$uicideboy$,Uglier
King Yosef,Misfortune
$uicideboy$,Pictures
Yunggoth✰,On the Floor (feat. Lil Peep)
$uicideboy$,Brooklyn (feat. Black Smurf)
KILLY,Killamonjaro
XXXTENTACION,Look At Me!
BONES,TheRoadLessTraveled
$uicideboy$,FUCK
Wicca Phase Springs Eternal,Bad Side
BONES,TheDeadMansTrunk
BONES,DeletedScenes
$uicideboy$,"New Chains, Same Shackles"
$uicideboy$,Planting The Roots Only To Fall Out The Tree
Pouya,Scrubs (feat. Shakewell)
Wifisfuneral,2 Step
Ramirez,Sarcophagus (feat. $Uicideboy$)
Lil Pump,Flex Like Ouu
$uicideboy$,T.R.U. (Totally Rotten Underground)
Bill $Aber,Creepin' N Lurkin'
BONES,ArtVandelay
$uicideboy$,Sleep Walk
Iceberg Black,She Only Pop It If the Molyneux
Rae Sremmurd,Black Beatles
Fat Nick,Middle of the Mall
$uicideboy$,Elysian Fields
$uicideboy$,I Want To Believe
Pouya,Energy
Pouya,MFG (feat. Ramirez)
BONES,CutToTheChase
Denzel Curry,Sick & Tired
$uicideboy$,Do You Believe In God?
BONES,Soil (Prod. by Vegard Veslelia)
$uicideboy$,$outh $ide $uicide
Wicca Phase Springs Eternal,Secret Boy
Azizi Gibson,DJ Khaled
Lil Raven,Oh
Lil Tracy,This Year
$uicideboy$,praisethedevil
Oliver Francis,Wwaavvyy
Hector Vae,October
Ghostemane,Avatar
$uicideboy$,Lacombe (feat. Black Smurf)
$uicideboy$,Stop Calling Us Horrorcore
BONES,Maggots
$uicideboy$,Cherry P.I.E.
Denzel Curry,Ultimate
BONES,PeteyPablo
Pouya,Energy 2 (feat. Germ & Shakewell)
$uicideboy$,Fuckthepopulation
$uicideboy$,Jeffer Drive
BONES,GladWeHaveAnUnderstanding (Prod. by Dylan Brady)
Shakewell,Terminal Sex
$uicideboy$,Here We Go Again
$uicideboy$,Cold Turkey
Pouya,"Fat Hoes (feat. SDot Braddy, Germ & $uicideBoy$)"
$uicideboy$,Leave Your Things Behind II
BONES,NonPasteurized
$uicideboy$,275 $uicide
Ghostemane,Pentacles (feat. Omen Xiii & Killstation)
$uicideboy$,West End (feat. Germ)
BONES,Cholesterol
BONES,Biodegradable
Xavier Wulf,Wulf Takahashi
$uicideboy$,A Girl Named Drool And A Pack of Kools
$uicideboy$,Kill Yourself - Part II
Triple One,Doozy
BONES,Corduroy
Killstation,Consanguinity
BONES,PleaseHangUpAndTryAgain
BONES,"MyHeadHurt,INeedToLieDown"
$uicideboy$,Gluttony
$uicideboy$,Rag Round My Skull
BONES,TheCurseOfTheGhost
BONES,ICanSeeMyHouseFromHere
Wicca Phase Springs Eternal,Lights on Paper
BONES,RightOnSchedule (Prod. by Stereoryze)
BONES,Rocks
BONES,Trash
$uicideboy$,Soul Doubt
Denzel Curry,Ice Age
BONES,TheArtOfCremation
$uicideboy$,#1 Stunna
BONES,WhiteLinenSheets
BONES,TheHandOfTheWitch
Denzel Curry,Knotty Head
BONES,TimeshareCondominium
$uicideboy$,Champion of Death
Rich Brian,Who That Be
Pouya,Hunnit Hunnit (feat. Fat Nick)
BONES,YouCanTellALotAboutAManByTheNeckOfHisShirt
BONES,HeartagramAdios
$uicideboy$,Lucky Me
BONES,HeavyFog
$uicideboy$,Maple Syrup
$uicideboy$,Ultimate $uicide
BONES,Calcium
$uicideboy$,Sarcophagus III
BONES,GrandfathersRing
$uicideboy$,West End
BONES,MineralWashed
BONES,LayMeInTheRiver
Pouya,41
Robb Bank$,Half Bae (feat. Pouya)
Yung Simmie,Shoot the 3
BONES,YourMusicSucksAndYouLookLikeADickhead
Yung Lean,Ghosttown
$uicideboy$,Muddy Blunts
BONES,AmericanBeauty
Yung Lean,Hoover
BONES,WhereTheTreesMeetTheFreeway
Night Lovell,Concept Nothing
BONES,PaleEarnhardt
BONES,DeadBoy
Lil Uzi Vert,Money Longer
BONES,Snow
Yung Lean,Ginseng Strip 2002
$uicideboy$,Dead Batteries
BONES,BombsInTheLunchroom
Bladee,Into Dust
BONES,IfYouHadAZuneIHateYou
BONES,SeeMeAfterClass
BONES,Virus
BONES,HauntedHouse
Ghostemane,Leprosy
BONES,LinksysBroadbandRouter
BONES,(BONUS) Coinstar (Prod. by Fleece)
Thaiboy Digital,Diamonds
$uicideboy$,Converting...
Xavier Wulf,Thunder Man
$uicideboy$,Slenderman
BONES,Dirt
BONES,1968
BONES,Sixteen
BONES,Sixteen
Dylan Brady,314 (feat. Night Lovell)
BONES,OrderWhatYouWantIWillTakeThePepperonisOff
Chris Travis,5 AM
Lil Ugly Mane,Bitch I'm Lugubrious
$uicideboy$,Prince Tulip
BONES,KeepTellingYourselfThat (Prod. by Vegard Veslelia)
BONES,Tempo (Prod. by Eric Dingus)
BONES,Exe
Chris Travis,We Up
BONES,NoShirt
BONES,AutumnLeaves
Lil Ugly Mane,Throw Dem Gunz
Killstation,Mud
Denzel Curry,Threatz
$uicideboy$,Ugly
BONES,Sodium
$uicideboy$,Grayscale
BONES,30DayFreeTrial
BONES,ReturnOfThePimp
BONES,BrokenTrees
BONES,PaidProgramming
Xavier Wulf,Psycho Pass
BONES,DeathMetal
BONES,TroubledYouth
BONES,RampartRange
BONES,5EasyPayments
BONES,TheWhiteWitch
BONES,JonathanTaylorThomas
BONES,Nightmare
$uicideboy$,Pontiac Sunfire
Xavier Wulf,Cemetery Blunts
BONES,DeadInDesignerClothes
BONES,Moshpits
BONES,MyFavoriteColorIsRain
BONES,Cut
Vince Staples,Blue Suede
BONES,LimitedEdition
BONES,Corpse
BONES,Klebold
BONES,WhereTheSidewalkEnds
BONES,281-330-8004
BONES,SevereWeatherWarning
BONES,Wi-Fi
BONES,BluntGutGarden
Lil Ugly Mane,Twistin
BONES,2006
BONES,BobbyKennedy
BONES,StoneColdStunner
BONES,GraveyardGod
BONES,BoyBand
BONES,Sanctuary
BONES,StayTheNight
BONES,BackstreetBoy
BONES,BathHouseBlunts
BONES,BamMargera
Cali Cartier,98 DEGREES
Cali Cartier,BANANAS
Cali Cartier,EVERYDAY
Cali Cartier,GETITRIGHTBACK
Cali Cartier,IPHONE
Cali Cartier,KING TAP
Cali Cartier,RUNNIN DA ROAD
Cali Cartier,SHINE
Cali Cartier,THIS + THAT
Cali Cartier,TOP DWN!
Cali Cartier,WINDOW
Playboi Carti,@ MEH
Pop Smoke,Get Back
Ballroom,Numb
Cold Hart,Hot Pink Lighter
Cold Hart,Eyes
Cold Hart,Love Again
Cold Hart,Must Be Nice
Cold Hart,Little Lamb
Cold Hart,Silent Romantic
Cold Hart,Nick Cave In
Ecco2k,Peroxide
Ecco2k,Calcium
Ecco2k,Security!
Ecco2k,Time
Lil Tracy,WYA?
Lil Tracy,Backrub
Lil Tracy,BTW
Lil Tracy,Chrome Heart Lens
Lil Tracy,Jousting
Lil Tracy,Yakisoba Noodles
Lil Tracy,Messy
Lil Tracy,Tarantula
Lil Uzi Vert,Futsal Shuffle 2020 - Bonus Track
Pop Smoke,Welcome To The Party
Pop Smoke,Mood Swings (feat. Lil Tjay & Summer Walker) - Remix
Pop Smoke,Aim For The Moon (feat. Quavo)
Pop Smoke,44 BullDog
Pop Smoke,Gangstas
Pop Smoke,Creature (feat. Swae Lee)
Pop Smoke,The Woo (feat. 50 Cent & Roddy Ricch)
Pop Smoke,Something Special
Pop Smoke,Diana (feat. King Combs)
Pop Smoke,Dior - Bonus
Pop Smoke,Hotel Lobby
Pop Smoke,Iced Out Audemars (feat. Dafi Woo)
Pop Smoke,She Feelin Nice (feat. Jamie Foxx)
Pop Smoke,Paranoia (feat. Gunna & Young Thug)
Pouya,Who Am I to Blame?
Smrtdeath,Don't Love Me
Smrtdeath,She Told Me to Kill Myself
Smrtdeath,Headed To My Funeral
Smrtdeath,Nothing Is Wrong
barnacle boi,Don't Dwell.
Kyddiekafka,Obsessions
foxwedding,"Too Little, Too Late"
Kyddiekafka,All the Things U Said (feat. Harukasuka)
ANUBIS-XIII,ULTIMA
Deadcrow,WiFi
Kyddiekafka,Downfall
CHVRN,Delirium
Kyddiekafka,Learn How to Use It
Venus Theory,Circles
Kyddiekafka,Everlasting
Sorsari,Know Your Worth
Harukasuka,Tombstones
WHITE KATANA,ETERNAL w/ ANUBIS-XIII
ANUBIS-XIII,"nothing more, nothing less"
Skit,Luminoscity
ANUBIS-XIII,SHADOWS
ANUBIS-XIII,RED (NEGATIVE SIXTY)
Open Ocean,Abysmal
CLFRD,In the Dark
CLFRD,Blossom
Kyddiekafka,On the Way to Heaven
CLFRD,Portent
Noah B,Nylon
Klimeks,Eternally Yours
CVRL,Subterfuge
Sorsari,Luna
CHVRN,Awakening
ANUBIS-XIII,ESTHESIA
Yedgar,Curaja
Brothel,Can't Sleep
CLFRD,Expansion
Kareful,Darker Waters
Noah B,Contact
ANUBIS-XIII,LOCATION
Venus Theory,Fear
Noah B,Azure
Skit,Lifestream
Yedgar,Asura
Klimeks,Tokyo Train
shxde,Closure
Kareful,I Loved A Witch Once
Silk Road Assassins,Vectors
Sorsari,Dyne
Kareful,She Wanna
CHVRN,Cold Sun
WHITE KATANA,SORCERER
OBESØN,Night Shift
Sorsari,Sacred
shxde,Luminous
Deadcrow,Yawn
Trashlord,Castle (feat. Madi Larson)
CHVRN,November
Kyddiekafka,Last Lights
GODONTGO,Point of No Return
Da Vosk Docta,I'm Gonna Live Forever
Kyddiekafka,Delusion
OBESØN,Drugs
Kareful,Fractals
Brothel,Pairplay
Venus Theory,Misery
foxwedding,Ghost Lite
Klimeks,Phantom
Nyquill,I Didn't Need You
Øfdream,Indicate
CHVRN,Control
Trashlord,Hexagram
Sorsari,Children Of Gaia
ANUBIS-XIII,JADE FLUORESCENCE
Skit,Lotus
foxwedding,Try Me
CVRL,Twin Peaks
Skit,Azimuth
MISOGI,Aqua Pura
Harukasuka,Into Dust
Noah B,Hearts
Deadcrow,Howls - Deadcrow Remix
Noah B,Cruzer
Deadcrow,Last Kiss
Sorsari,Aurelie
Sorsari,Dreamcatcher
shxde,Soul
Hnrk,Abyssus
Sorsari,Worlds Away
Pholo,Atlantis
Klimeks,Dreamscape '95
Deadcrow,IDK
Kareful,Emerald Halls
Skit,Whatever I Am
Gud,Forever 2001
Yedgar,Bahamut
enjoii,Obsess
Vacant,Let Off
foxwedding,Hell Of A Thing
Noah B,Lightspeed
Klasey Jones,Cement
nvrmore,I Could Not Lie
Øfdream,Thelema
Klimeks,Reborn
Klimeks,Ultra
CHVRN,Obscurity
CHVRN,Silver Dream
CHVRN,Never Know
CHVRN,Stranglers
CHVRN,Secrets
CHVRN,Fumes
CHVRN,Morning
CHVRN,Weakness
CHVRN,Love
CHVRN,Faith
CHVRN,Mirror Fields
CHVRN,Tell Me
CHVRN,Melancholy
CHVRN,Lost
CHVRN,Still Yours
WHITE KATANA,FADE
MYSTXRIVL,Pixel
Klimeks,Nightglide
MISOGI,Aureolin
Hnrk,Heal
Kamandi,Smoke Club
Øfdream,Ninth Gate
MYSTXRIVL,Moonshinx
Dyzphoria,Taurine
Forxst,Awake
OBESØN,Enemy
Deadcrow,Hypersquare
enjoii,Not Alone
enjoii,Still Wasted
MYSTXRIVL,Heptan - Enjoii Remix
enjoii,Don't Like (Enjoii Flip)
MYSTXRIVL,Empty Skies
enjoii,Follow You
MYSTXRIVL,Neon
enjoii,SADCRAFT
enjoii,Kate
enjoii,Forever Mine
enjoii,Another Queen
enjoii,Ethera
enjoii,Isolated
enjoii,Orhedra
enjoii,Poets
enjoii,Somewhere Deep
enjoii,Heartbeat
enjoii,Life Alone
enjoii,Let U Go
enjoii,Night Call
enjoii,All You
enjoii,Neo Tears
enjoii,Forever Again
MYSTXRIVL,Sleepless
enjoii,Evol
Au5,Anchus Definy
Noah B,Divided
Noah B,XXXX
Lana Del Rey,Summer Bummer - Snakehips Remix
xxyyxx,I Don't
Øfdream,Certain Degree
Mrkryl,Something Like This but Not This
Deadcrow,Rained All Day
BACKWHEN,Nectar
Skit,Yasiin
nvrmore,Cassiopea
xxyyxx,Dmt
Klimeks,Dreamscape '95
OBESØN,Alone (Instrumental)
MYSTXRIVL,Blvck Rvin
KAVERN,Tomorrow
glxy,Searching You
Bounds,Stuck Below Ice
WTCHCRFT,2 AM
MYSTXRIVL,Dreamin
CHXPO,Vampire Knight
Dream Koala,Odyssey
MYSTXRIVL,Crystvllizx
Nude,California
MYSTXRIVL,Blizzard
Broken,Hopeless
Undroid,Diomede
Ishome,Sad Family
Skeler,Tokyo
Skeler,Tel Aviv
Skeler,NRG
Skeler,1992
Skeler,Rush
Skeler,See Me
Skeler,Geneva
Skeler,Waste
Skeler,Worlds Away
Sibewest,The Colour
Sibewest,Salvation in Love
Sibewest,August
Juche,Reach
Øfdream,Perception
Øfdream,Fallen Angel
Øfdream,Game Is On
Divine,Blame
Divine,You & Me
Fraunhofer Diffraction,Last Light
Fraunhofer Diffraction,Before the Dawn
Fraunhofer Diffraction,Vale
Fraunhofer Diffraction,Icebreaker
Fraunhofer Diffraction,Lost
MYSTXRIVL,Nefarious
ÆSTRAL,Half Light
Juche,The Freedom Area [3.3]
"Lukrative, hyperforms, COSMIC, Night Grind, Noax, SYNC, vowl., NOIXES",ANTHEM
COSMIC,Switch Up
hyperforms,DUALITY
hyperforms,MISFORTUNE
CASHFORGOLD,Find the Light
MYSTXRIVL,Over You
Nuages,Dreams
Nuages,Closer
WOODJU,Vacuum
WOODJU,Replay
WEVLTH,Simulation
WEVLTH,Higher
Øfdream,First Woe
King Plague,Ave Plague
Chainless,Grey Veils
barnacle boi,Let Go.
SHDØW,Spirit
barnacle boi,Wake up.
Da Vosk Docta,Assasination
hyperforms,IMPULSE
Sorsari,Sing
Noah B,Overdrive Protocol +
Chainless,1755
WEVLTH,Ascension
Guilt Chip,Turbo - LTHL Remix
Endigo,City of Jasmine
OZZIE,Idny
Torus,Creepin
HAARPS,Never
Coldplay,Midnight
Clams Casino,Numb
Nightizm,Michelangelo
drip-133,Lefthand
Nightizm,Crypt Walk
Harukasuka,Memories
Harukasuka,Absence
ESSEX,Xoxo
MISOGI,Revenant
Yung Cortex,Antihuman
Lidity,Deviation
palence,Scarp
Victoriya,Stay
MVEJIMV,fatigue
Ishome,Adam
I Dreamt,Dimension Jumping
Klimeks,Translucent
nvrmore,Bluest Lights
drip-133,Fourth
Klimeks,Beneath Me
MYSTXRIVL,Left Behind
Kamiya,Ecumes
Kareful,H2o
Falls,Surfaced
Mrkryl,Everything
Stiver,Two Of Us
Vague003,Yvonne
Kareful,Lost
SHDØW,Recovery
Jutrø,Travva
shxde,Numb
Noah B,Guardian
C O L D K I S S,Don't You Dare
ARMR,Prove It
Fraunhofer Diffraction,Kvrt in Space
Skeler,Arcadia
Dirtyphonics,Sight of Your Soul
Martian Moon,Frozen Time
WTCHCRFT,Less Education
REMNANT.exe,Undertow
REMNANT.exe,Lost
Skit,Yūgen
Skit,West London Empath
Skit,Crepuscular
Tokyo Tears,Burning
calicry,Streetlights
calicry,retrograde
calicry,Where Were We?
calicry,Playing With Fire
calicry,Pretty Lies
calicry,Why
calicry,Ride
calicry,lovelight
calicry,Crush
calicry,Dancing
calicry,Tonight
calicry,Solow
Artonoise,Exodus
Artonoise,Eros
Artonoise,Sacrum
Artonoise,Streets of Progress
Artonoise,For You
Artonoise,Sad Girl
Artonoise,The Shape of Peace
Artonoise,Dad
Artonoise,Stargazing
Artonoise,Too Late for Me
Artonoise,The Drowned Song
Artonoise,No Marks of Despair This Time
Artonoise,Choices & Lost Causes
Artonoise,Your Last Tear
Artonoise,Disturbed
Artonoise,Ghost Road
Artonoise,Beauty in Chaos
FLCCS.,United Again
FLCCS.,Rise Up
FLCCS.,Feelings
FLCCS.,Distance
FLCCS.,Gravity
FLCCS.,Don't Let Go
EONE,Digital Vision - Ytho Remix
EONE,Digital Vision
EONE,Swift Blades
EONE,Headlights
Mathbonus,Wasteland
Mathbonus,Snug
Mathbonus,Wildflower
Mathbonus,Wave To Me
Mathbonus,Gleamer
Mathbonus,Capillaries
sweeep,nite drift
sweeep,creeep
sweeep,last night (glo remix)
sweeep,cursed
sweeep,lunarshift
sweeep,hope
sweeep,Притворство
sweeep,no one knows
sweeep,why
sweeep,snow devil
sweeep,OJ (sweeep remix)
sweeep,rituals
sweeep,sacrifice
sweeep,forbidden
Verasect,Catch Your Breath - Øfdream Remix
Verasect,Tragedy - Kareful Remix
Verasect,Stitch
Verasect,Tragedy
Verasect,Aeon - Blood Wolf Remix
Outsidr,Cells
Outsidr,Amethyst
Outsidr,Absent
Outsidr,Pale Fire
Outsidr,Succubus
Outsidr,Twilight
Outsidr,Nomad
Outsidr,Obsidian
Outsidr,Rapture
Outsidr,Black Lotus
Outsidr,Voidwalker
dotMPEG,Self Destruction
dotMPEG,Chronos
dotMPEG,Taken Over
dotMPEG,indifference
dotMPEG,Only A Dream
dotMPEG,Deception
dotMPEG,Vapor
dotMPEG,Forget
dotMPEG,Inceptum
dotMPEG,distrakted
dotMPEG,Die
dotMPEG,Et Finis
Lostageless,Flare
Lostageless,Subdue
Lostageless,Nocturnal
Lostageless,Sonder
Lostageless,Horizon
Lostageless,Mist
Lostageless,Lights
Lostageless,Synergy
Lostageless,Ephemera
Lostageless,Symphony
Lostageless,Solace
gizmo,Virus
Rellim,extract
Nastya Kazantseva,Endless Sunset
Nastya Kazantseva,Nice Dream
Nastya Kazantseva,Dream of You - Instrumental
Nastya Kazantseva,Breath of the Forest
Nastya Kazantseva,Sleeping Life VIP
Nastya Kazantseva,PΔINKILLΞR - Famitsu Rework
Nastya Kazantseva,Through the Silence
Nastya Kazantseva,Beneath the Waves
Nastya Kazantseva,Wasteoftime
Nastya Kazantseva,Free Fall
Juche,Limpidity
NVRLUV,Breathe
NVRLUV,Unity
NVRLUV,Heavy Blue
NVRLUV,Vita
NVRLUV,Trouble
NVRLUV,Limit
NVRLUV,Shattered
Blanku,Self-Destructive
Blanku,The Way
Blanku,All Ur Love
Blanku,Monsters
MYSTXRIVL,Neon - enjoii Remix
Giant Ibis,Mensa
Giant Ibis,Summon
Giant Ibis,Nova
Giant Ibis,Pressure
Giant Ibis,Behind Closed Eyes
Giant Ibis,Cascade
Giant Ibis,Interplanetary
Giant Ibis,Mantle
Giant Ibis,Crystalline
Giant Ibis,Aether
Giant Ibis,Clusters
Giant Ibis,Ashwood
Giant Ibis,Radiate
Giant Ibis,Discovery 2279
Giant Ibis,Aura
Giant Ibis,Spectrum
Giant Ibis,Blue Sun
Giant Ibis,Abysm
Noah B,Lightspeed
Just Connor,Infinity Edge
Noah B,Dreamblade
Noah B,Lunar Tear
Noah B,Silk Transmission
Noah B,South Hills
Noah B,Subtraction
Noah B,Implosion
Noah B,4:29
Noah B,Third Sphere Angel
Noah B,Heavy Armor
Noah B,Pressure System
Noah B,Exolesce
Just Connor,Veilance
Just Connor,Murakami
Just Connor,Virtuous Contract
Noah B,All 4 The Love
DXCT,Hexagon
INFDL,Geiger
INFDL,Sacrament
INFDL,Sol
INFDL,Forever
INFDL,Ascended
INFDL,I.O.
Leon Kadillak,Magnetic - INFDL Remix
INFDL,Only Now
INFDL,Spells
INFDL,Cave In
INFDL,Systematic
INFDL,Awake
INFDL,We Were Here
INFDL,Horns of War
INFDL,Paradise Lost
INFDL,Eschaton
INFDL,The Forge
INFDL,Eon
Léon KadillaK,Goliath
Léon KadillaK,Lost
Léon KadillaK,The Decider
Kamandi,Distant (feat. Bzkt)
Kamandi,Icy Heartthrob
ÆSTRAL,Half Light
ÆSTRAL,Revelation
ÆSTRAL,Freedom
ÆSTRAL,Zmrok
ÆSTRAL,Runaway
ÆSTRAL,Eclipse
ÆSTRAL,Rise
BlazinG,Rebirth
nvrmore,Intro
nvrmore,"September, Three"
nvrmore,01:13
nvrmore,Interlude
nvrmore,I Used To
nvrmore,Rust
nvrmore,"Someday, Not Here"
nvrmore,Lonely
nvrmore,Drowning
nvrmore,Wasting Time
nvrmore,Almost Home
nvrmore,Lily
nvrmore,What Are You Afraid Of
nvrmore,Falling Stars
nvrmore,Mistral
nvrmore,"Cassiopea, Pt. 2"
nvrmore,Wasting Time
nvrmore,E341
nvrmore,Eternal
nvrmore,FEEL
nvrmore,OVERRIDE
nvrmore,"THEY COME, THEY GO"
førget.,chaos
førget.,night drive
førget.,Shit
førget.,Drowning
førget.,Haunted House
førget.,Highway
førget.,Night Racing
førget.,Over
Skeler,Proxima
Juche,Enight
Juche,Genesis
Juche,Liberate
Juche,Further Together
Juche,Enigma
Juche,Super Gt
Juche,Explore & Find
Juche,May Not Be
Juche,Shinjuku Red Sky
Juche,When It Goes
Juche,Late Night Talk
Juche,Become Again
Juche,Rise
Juche,Control
Juche,Code
Juche,Last Instinct
Juche,Instant Reality
Juche,Recover
Juche,Compulsory to Denounce
Unnholy,Transmission & Fusion
Juche,Level
Juche,Neolaws
Juche,Mental-E2
Juche,Overdata
Juche,Cheongdam
Juche,Wonhyo
Juche,Swee'love
Juche,Inflexion
Stonemist,Borealis
Stonemist,Cloudburst
Stonemist,S I V
Stonemist,Closer
Stonemist,Refresh
Trashboei,Celestial
Trashboei,Necrø
Creaturn,Blade
Ṿ Ʌ Ẏ U,Endless
Ajgor,Opium
OLFVN,Lunatyk
Ajgor,Lonely Lovers
Tomkillsjerry,Never Been So
Tomkillsjerry,"Alone, Is All You Left Me"
Tomkillsjerry,Worn
Tomkillsjerry,One Last Thing
Tomkillsjerry,Old No. 77
Tomkillsjerry,Big Body
Tomkillsjerry,Pretty
Tomkillsjerry,Save That Shit (You Coundn't)
Tomkillsjerry,Goodnight and Good Luck
Tomkillsjerry,Everything All the Time
Tomkillsjerry,Just Lie
Tomkillsjerry,Yung Dead Tragedy
Tomkillsjerry,Killers
Tomkillsjerry,Shiver
Tomkillsjerry,Glitch Don't Kill My Vibe
Tomkillsjerry,Lost As I'll Ever Be
Tomkillsjerry,Save It for the Rapture
Tomkillsjerry,The 300
Tomkillsjerry,Incendiary
Tomkillsjerry,This Bar Is Dead
Tomkillsjerry,Let Me Let You Go
Tomkillsjerry,All Things End
Tomkillsjerry,Hemlock Falls
Tomkillsjerry,3420
Tomkillsjerry,Crush
Tomkillsjerry,Watch That Purple
Tomkillsjerry,Double Decked
Tomkillsjerry,Rain
Tomkillsjerry,How It Felt to Watch You Walk Away
Tomkillsjerry,It's All the Same Song
Tomkillsjerry,Awake
Tomkillsjerry,About a Girl
Tomkillsjerry,How Will I Ever Know
Tomkillsjerry,Start Again
Tomkillsjerry,My Will To
Tomkillsjerry,Power Flex 5k
Tomkillsjerry,Take Me Home
Tomkillsjerry,Focus
Tomkillsjerry,The Cure
Tomkillsjerry,Blocks
Tomkillsjerry,Liu Kang
Tomkillsjerry,Malvada